-- phpMyAdmin SQL Dump
-- version 4.7.3
-- https://www.phpmyadmin.net/
--
-- Host: localhost:3306
-- Creato il: Gen 13, 2018 alle 01:35
-- Versione del server: 5.6.35
-- Versione PHP: 5.6.31

SET SQL_MODE = "NO_AUTO_VALUE_ON_ZERO";
SET time_zone = "+00:00";


/*!40101 SET @OLD_CHARACTER_SET_CLIENT=@@CHARACTER_SET_CLIENT */;
/*!40101 SET @OLD_CHARACTER_SET_RESULTS=@@CHARACTER_SET_RESULTS */;
/*!40101 SET @OLD_COLLATION_CONNECTION=@@COLLATION_CONNECTION */;
/*!40101 SET NAMES utf8mb4 */;

--
-- Database: `eCommerce`
--
CREATE DATABASE IF NOT EXISTS `eCommerce` DEFAULT CHARACTER SET utf8 COLLATE utf8_general_ci;
USE `eCommerce`;

-- --------------------------------------------------------

--
-- Struttura della tabella `Catalogs`
--

DROP TABLE IF EXISTS `Catalogs`;
CREATE TABLE `Catalogs` (
  `id` int(11) NOT NULL,
  `Name` varchar(45) DEFAULT NULL,
  `Type` varchar(45) NOT NULL,
  `Year` year(4) NOT NULL,
  `Collection` varchar(45) NOT NULL,
  `Description` varchar(45) DEFAULT NULL
) ENGINE=InnoDB DEFAULT CHARSET=utf8;

--
-- Dump dei dati per la tabella `Catalogs`
--

INSERT INTO `Catalogs` (`id`, `Name`, `Type`, `Year`, `Collection`, `Description`) VALUES
(2, 'Women spring/summer 2015', 'Women', 2015, 'spring/summer', '');

--
-- Trigger `Catalogs`
--
DROP TRIGGER IF EXISTS `Catalogs_BEFORE_INSERT`;
DELIMITER $$
CREATE TRIGGER `Catalogs_BEFORE_INSERT` BEFORE INSERT ON `Catalogs` FOR EACH ROW BEGIN
SET NEW.Name=CONCAT(NEW.Type,' ',NEW.Collection,' ',NEW.Year);
END
$$
DELIMITER ;

-- --------------------------------------------------------

--
-- Struttura della tabella `Category`
--

DROP TABLE IF EXISTS `Category`;
CREATE TABLE `Category` (
  `id` int(11) NOT NULL,
  `Name` varchar(45) NOT NULL,
  `Description` text
) ENGINE=InnoDB DEFAULT CHARSET=utf8;

--
-- Dump dei dati per la tabella `Category`
--

INSERT INTO `Category` (`id`, `Name`, `Description`) VALUES
(1, 'Maglie1', 'Lorem Ipsum');

-- --------------------------------------------------------

--
-- Struttura della tabella `CustumerList`
--

DROP TABLE IF EXISTS `CustumerList`;
CREATE TABLE `CustumerList` (
  `id` int(11) NOT NULL,
  `Name` varchar(45) NOT NULL COMMENT '	',
  `Surname` varchar(45) NOT NULL,
  `Address` varchar(45) NOT NULL,
  `City` varchar(45) NOT NULL
) ENGINE=InnoDB DEFAULT CHARSET=utf8;

--
-- Dump dei dati per la tabella `CustumerList`
--

INSERT INTO `CustumerList` (`id`, `Name`, `Surname`, `Address`, `City`) VALUES
(1, 'Lorenzo', 'Andreoli', 'Via', 'L\'Aquila'),
(2, 'Andrea', 'Cantagallo', 'Via 123', 'L\'Aquila'),
(15, 'Marco', 'Rossi', 'Via 123', 'L\'Aquila');

-- --------------------------------------------------------

--
-- Struttura della tabella `Groups`
--

DROP TABLE IF EXISTS `Groups`;
CREATE TABLE `Groups` (
  `Name` varchar(45) NOT NULL,
  `Description` varchar(45) DEFAULT NULL
) ENGINE=InnoDB DEFAULT CHARSET=utf8;

--
-- Dump dei dati per la tabella `Groups`
--

INSERT INTO `Groups` (`Name`, `Description`) VALUES
('Administrator', 'System administrator'),
('Digital Retail Specialist', 'Warehouse management'),
('Project Managers', 'Web marketing'),
('User', 'Basic User'),
('Web Content Editor', 'Products placement');

-- --------------------------------------------------------

--
-- Struttura della tabella `Images`
--

DROP TABLE IF EXISTS `Images`;
CREATE TABLE `Images` (
  `id` int(11) NOT NULL,
  `Name` varchar(50) NOT NULL,
  `Size` varchar(25) NOT NULL,
  `Type` varchar(25) NOT NULL,
  `Image` blob NOT NULL,
  `Product_idProduct` int(11) DEFAULT NULL
) ENGINE=InnoDB DEFAULT CHARSET=latin1;

--
-- Dump dei dati per la tabella `Images`
--

INSERT INTO `Images` (`id`, `Name`, `Size`, `Type`, `Image`, `Product_idProduct`) VALUES
(0, 'slider_1', '124 KB', '.jpg', 0xffd8ffe1001845786966000049492a00080000000000000000000000ffec00114475636b79000100040000003c0000ffee000e41646f62650064c000000001ffdb0084000604040405040605050609060506090b080606080b0c0a0a0b0a0a0c100c0c0c0c0c0c100c0e0f100f0e0c1313141413131c1b1b1b1c1f1f1f1f1f1f1f1f1f1f010707070d0c0d181010181a1511151a1f1f1f1f1f1f1f1f1f1f1f1f1f1f1f1f1f1f1f1f1f1f1f1f1f1f1f1f1f1f1f1f1f1f1f1f1f1f1f1f1f1f1f1f1f1f1f1f1fffc000110802bc077103011100021101031101ffc400ab0001000203010101000000000000000000000103020405060708010101010101010100000000000000000000010203040506100002010204050203060405020503000b0102001103213112044151221305610671813291a142231407f0b1c152d1e1623315f12472824353169234170825a2b263c29344843536110101000202020202010303030500030000011102210331124151130461f0718191b114d12205a1c1e13242627292ffda000c03010002110311003f00fd0920404040404040404040404040404040404040404040404040404040404040404040404040404040404040404040404040404040404040404040404040404040404040404040404040404040404040404040404040404040404040404040404040404040404040404040404040404040404040404040404040abf94819c09ac00813027d202020488132840c19806c6980c2b840f987be371bdb1eefd9fb9ac78eb9baf1bed80db4f24c118b1b5b850d72ed95a06b876efa5ba7856671ce5b9e30e6fbf7c31f73dfd9ef7dbfbb4f23e576a45eb096ef29eedab882e116f4003e9ea15a7119ccd92aeb70f9558f7a799daedb79b1088dfaa6520326bd18d3f2f1e2140f5a4c4cb76451bdb2369e3f67e6b6db8ecf95bd7f709bf41d245b6215580c8a3eacb983c26ab39cba1ed1f735bf6efb9c6ff756dafee196e7eaeca84eedc4bf6c1d3a9fa7a683aa5f6c784c65cbf7ff00bbf7fee5df5ddf5f02dd8ae9b5b65248450694246189c4d2635fe5a79bb4771b8dd6db696096dc5db89b7b0a325d4c114721899bc336b1f216ded6fefdaba0dbb961daddd248ad6db156ad30cc460cb4ae9ab925b02b5a71a530fb6691b3e31177140aa1ae13a749a0388c0a93c70c8e1148afc86d1f6fb828e8549a69e15a604d31a7c222e1a77014228a71c472f8432cf5d454924b624e55a67fe10ac75290cccbd35a280711e8220c85ad37284d0d3114ea15f43fce4b5ad636dd7a9189c48187c0531fb271bb3b48e8f89b45af95b82808e91c49388ff29c7b2f0f4f4ce5ecbc75b5e90c688285f3c091c0cf0ef5f4b48eedad95cdf1655b82d2dba6ad1f487af492310586787a4e5edeaeb8cb1dcf83d8285b96ad15bd6eaae7124dc18d5bfbaad2ebdb7e52f5c9cbcd798d81dbee4ab826dee075a922ab7546ad4a0508fab29ecd36cc783b7492b53c7295f1d77682d3de3783a5a55a60cc7026a7014cccd6fe72ce93fedc3dbf82db3d9da6ded5c50ad66d850a32e919e18666787b2e6be8f5eb8d63d2ec5299d0073d448c6b38b75be6cd6cf004ae040af119729590db5415600d0d40cf126b87c662b5223b753a88d44014f403fb473932b869eeec541502ad5a9604822b870194656342e6d9c21504e9ad49cf1f8cdca572bc86d55918b758380030c07a4debb3363cdf90d8060074ba2fe126847c0f09e8d3679fb34798f27b0d24ba0387d40e1f70c8fdc67ab4d9e0edebc570373682bea29a49e3eb3d3a57937d140a16a28a1cbe73b4ae2825ac3025002b8d0e229ea26b0cd52c7ae8b8a7f6935c3e318464ce1a814866fc34ff00f74d6150cca128b4d44751a9feb940ced1554a8254b66061f0359041d4151893a8b12586629ebeb2c445c0068642431a6a1c2b06121d02dc7615a86b75e4698181d73b77b9e3eddad45b4a06c791399f9ccfcb51c75608d71295a9d218f0a1c4cd23676fdb36c59bc3000a83c89c430f8494192e5b26db67a6b4343eb50794955165ceb01723cf9fac12b262cd50d405ab88a52be910cb62d0babb35ba46258500e001ce45cb2378d9ff00b8b78286c40e471ffa463916f76db5c57523b7728711512555ecea1d684065cffd409e3eb492b52bd77b2763b5f23e6d76d7ee2ededb239eeb067a3db1d0542904b572912f11ee7d9fee2f387ce78eb3e5375dc153676d76f3368b8d56d0087a11a8f552b5fe5353862beb5b0f25b05aed5b70511486b1a88506bf520734a943c339d18c3746f56e5cd22e036c1ab1c0313c3e5cf8c230db90db9b9dcb6154697b2d50189234b54f0c460251bfa8d699b9e3c81e264198040a56b4944c0890328081101022b006041808110101010101480a408811033b5c7e52c1640404040404040404040404040404040404040404040404040404040404040404040404040404040404040404040404040404040404040404040404040404040404040404040404040404040404040404040404040404040404040404040404040404040404040404040404040404040404040404040404040404040404040404040404040404040404040404040404040404040ae40808130004098130148080a819ca219c018115380815bb25ab66e39d16ede2f75ce14e24d78081e07dcdef2f3fbddc6dbc4fb62bb67de52db79162a5d030c7b20d74dc0b8d5853198b6de1bd647c87dd1b5f6cfb3bdc9606d7617aeeec2173bb0ccf4b86aaf70ad575ddee125c65c3299b5a9cb83b4f2de2f7de5b717ff4f4dcdeba45bee3b29b766da280c428a6ae9d58012ccaaef35b2df5cda9bd7a96f6ab6cdeb7b8be9d9b812d1005ab36bea40ccf8bb8adce18092a4798d96c86eee877b82c5b2c881d8d141b87ea673f48031ca15d7b5b3f0ffa2ed3dd1fad2f71180059516d826ddc562421d6c0020f08e12b89e2b716f69ee5da791bd68b59b0fdc7b4955eaa12ba08c451e8709a8cd8d1df0bba8bdc05aedd3aaf126ac49356a9ff0051c622b06b7aa9718d35d68a7d30f9faca8b516ddb51a6e05641a830aead598c61633df6f9b7b690dda1bd6fa756474c906922de6a23534d7327fce6919a845a8045c6ad397f14120b185d0a5ad28b6b5fad6d354fa026a47c2170b2c58b4c9a2a4ee59800aa3554664d4e3598d9bd1b366d0bb7d6d0215546935c405cda71d9e8d7976bc66d99b70ce687537491fc60009e7ecdb87afab5e5ec7c4ecd1880f6812ed8dc230389aae3fdd3c5becfa1d7aba877fb3d958b7add16a08a3155d4ff00daa295ace335bb574bbcd6383ffcbb6f7cdf0e97b6f74d035a6070407a74e91a78e2c5a7abfe3d8f25fd9d6b93bcdc5cde6f6dd94e803a89fc7a5805abe7a49acf46b3d665e6db6f6bc3d1789f1a2c5b5b675290a450e246a38d47c809e6eddf2f674f5fac7a7d8ed1d0870a5c1a16451fcbed9e7b72eeee6db6e28af6a8083891c79820cca65bbdba80284843a9db356a640c32c5ed1028a2ab5c00189ff098ad4aa5ed1181009a541a9ceb9e1ce46b2d76b2f5201249c4fc2bc8c19517ad5b28acb5d6302072e266b2b1ccbb6f06142d99185632af3fbdd9e24a815538d78cedaed873da383e536b72e6000d6b972607f093c67a74da3cddba65e4f7db56ea3686033422a47a7a89ebd367837d5c7bc186a34c489e9d6bc7bc6bb9c34eac063a6984eae4ac8399c4d686beb08950c4d1a8682aadc70945f735824022941d3cc1e3e92296903300c3b8ee4615c09e02b208bb65c5002a5b1d4a450823f0f2ac44c2345c369548aba8ee2e38d06625562819d8ada00ea3501a82a3883e908f43e32f2bed1350d0d6eaa6b8f4f2c33184cd6a38fbbd9dc4ba4a8c14963f0391ff0039728d42ec5c5005a70cbed952d6fec6ff00794dabe5da870d34aa9cab8ff299b154b95b5b824aea553853942977fde3a71534afd95951b3b7bd75d8f56b5a72af0cc8e407192c5caf3b1bf7515516a00a1230008c8d0ccb4a17bf6ce8ba3ad5b4838529c3111b1aba5b9bddfb26e0b6aaf69096519310280603391a5fb4de595eddd5251ad9eb624838d2aad4e4788e7260cbe99edbf36b6fc3b78df39b31bff1f72e1dc6db72055d7b4da9c2b9c0ad450e21fe32cac6d1f54f6b6cbc3eeb6e6ef8dd0ef6ae1d3bb555bb6ca1ea5a5c6d5af4ab679face91cebd4db402d94b8a8c54f1b61750a66298195183da4b416edb5d650f5dbe618752d0fa8a8946c5bd2aa34835a0070a541c440babe87e301209811006044052008811022901010229010102204c00ca020440cedf1960ce02020202020202020202020202020202020202020202020202020202020202020202020202020202020202020202020202020202020202020202020202020202020202020202020202020202020202020202020202020202020202020202020202020202020202020202020202020202020202020202020202020202020202020202020202020202020202020202020202020205720409800204c09a400ce02009a0ac0014f8ca2bdc3276eace100ead4c428a0cea4e1490796f79fb9bc62782bf6ec9ba48097588b7705b16d1ea4b3e92a15b415078992d591e5fdb5baf05e53dcbe216c5e1dabb6379734a1e9374057d64afe174270ad54cceb735bb2c8f1bfb97e237bbaf7032f8d42ede2c333138b33b31002b9a542200073e38c96352e1a7ecef788d878ddc9da78cbd7ae26ded06dd6d2c1d56ec16ee3597bdd34fcc73ab51fa68099a99918bcbcbfbcbdd1bdf7479a4b9be06df7cdab7694140b6ed21202844e8389cc998c73cb72623cfef1576ecfb2b571ae6df6b75d96fa80092d4033af2e3298693946b67ab53568d8654c4d4703086dfc85b43ad6a152b47a558823e95070cf3318a35ef5d37af5695d60361f51af01f09a45618bb92455f15185288a380e149503d5a569a5056adc49e679c8b5493d54391c2544300a95e272e64c232b36f01a8d00058d790ce9c615b97f7c2ca229b7de46181b848387c31999ab5eccacee09fcb409695f16d031c465a89a99cf776eb74769b5b2514a200df8b1cf8e33cfb6d5ead748f49e2b6aa2e0d18820124fae427977ddefead1eaf67b62004170a9724ab0a0005389e14267936db2f548e7fb83da16fcdda17ad16b3bfdba0d0a08ea2a3a81070d4465f2acedd1fb1f8ffcbcff00b1faf3b3fbbc45df18fb1df7e977b7ee6840cd66e91a4380415e269a857d434f7ddfda663e77e2c6d8dabe85e33c26c36f66dfe8eca1b2da6e1b8356b60c38ead55a9cc5709f3bb3b6dbcbe9f5756b3c372ca5ab577491a45c0c48a646b5f94e76bb61ebbc56ccb25b7a66389c69319636759766ae7568ad30d54feb2e18f6677134a151882000a30e35929189b6eedf48141415e6789995cb11b42016d35a65cda307b2b3b5cdd8d14530f51c0091af669eeb6e14354d6a41ad31a18ad4ae46e9401d2469ca80ff00867196a38db9b635647014047d8674955c7dd6d838604014e029c78ceba572df5799f29b03566b7f52f1ff0019ebd3678bb74795dfd865727450f15fe7433d7d7b3c1d9ab98ca012463e83919e9792c62aaa41d64eaa557e2381f8cd32c5890402061e98c0cbb808fcdab0feead0e184194286b80aa2b39c40d2099702da30b2a19ab4041406a350fa7511e920ced8622ad42e29a6b81af0000ce4536d7ad58dc2b5e5d56c9c8701cf0a18c196c5cdeaedf76f72c2a0dbdda12b6ea16a3880723ce30acefbd9bf6fb8afa6e0fc23014e5cc7f2991ccb884b82055ab98e3f19bcb386f6c2c1fd551882171720e1419d4e533b558a6f60ec01ea2694e55394153b90cb71505486502b9e27fc0cb0ad8b1734eddbb648b842d572fb38663292ac67b6bdb8b46db927a9a9a5b114181181930658ef352d5b5075049518d473a8f488a8b0daac3321d25585403c08ce4b1655b677052f914aaf4e2a48ae38d73fab2320fa4f8254dc7b56edbb2f7c0157d5b7a5c08f646bd3752bad2987595a606910af75fb75ee4c373bd4bb6937776f01b9d858b7a6d5d6450ad76d591416ddbeaa0fab19ad6b3b47d653749792d5d0cb46a8153a4556b99336e6caf1ee0aa63ab02e398c73f95205d6183db04ae0c0100d3294584e9af281350001580af2904c0881101010148110102202044040405040401e70229033b7c65833808080808080808080808080808080808080808080808080808080808080808080808080808080808080808080808080808080808080808080808080808080808080808080808080808080808080808080808080808080808080808080808080808080808080808080808080808080808080808080808080808080808080808080808080808080808080808080808080808080815c8272808122020204f181302332072c4ca2607277e5373e5f67b1b98db166eef2e5a615576475b76d5ab98566d54e74ac8af37fb916fca5bd959f2fe36da9bde35975824037ac1af72d38c736c07f49369f4babe4437dbaf1be6d3cef85d8aedb663708d66cd860fb64bd793aaca026aafa9fad6b871138f32bbcc6395db5f78fb85fff00905fdc20f1a8770ed72e335b5b977737145ab3b4da2b56dab96a1620d02558e426f5999cb9dc474bd93ff1cfec2b9b2db6ed2eef3c65e1b8365af75debaac1dd6e59ae97524118579cddb19b39796fdc8f3db5dcdcf07e4f61646dcf8d61a0d9b4b6d16d0717b6e34d482c34b6a0df098cf2d48d1f74adc7dd5db9bb7ed2f9a23c86e8dc01f70a01d0a5d95510f7aa5c04148bc11e7fdc3bcdbef36fb03695546cb6cbb3bac8a17551d8a3b53eb6d07a98c64c3cfeeec5eb170edc2102a08af26151872a4dc4ab2d6d5dd9c2574d9b66a4ff0076525a61b96366e2dbb3107a71071000e67fa496ac8d6dc25a201b6496a0a06a1f8e0321f18856bb22a8a9147e4387db349855702e02bd640d3f3cea612ad4a5b51ab138e3e8471e38c2acd9dbb57432dd6a051aa841388e525a6136855fa5aa54e791a99cb777d1ded9d9a01acaaa802ba8d0527936af6e91eabc37655076ee2dc7b6bd4887557e42b3c7d997d0eac63cbd778fb22daaa94d42e7d4cd85194574e9c6a309e6af43a89e3d0d68956c1daa6a1895a1a8f503849ec8f03fb81e3eda7886dc59402eedaf960e302d6d8d0d71e627b3f57b3feec7dbc7fb7aff00d99fa74fda77ee6e7c6ed931a2914e39e7f74e7dd3feeaedd173ac7acb1e2edee4a6b43d06aa0647d679fdbe1d6dc3d2ed6d04b603635c061f87d6473b5bc0a6838ea1f88d71f4c2b35973ac5aa4024a85ae59d7e725331a7bff0023e3b66bff00757a95385a18bb1390a70f9d26e6b9f099796f2bfb84ba8a78b44bca8477b704d42ffa148c0d789e1eb3b6bd1f6e77b1c5bfeeff00397eeda75bd4b6d702ae95a104e4100fab9ff3337f8354fcb54eebddde695ca9296f1d014942c6873c3a7e31ff001f5abf9ec6363ddfb85b4dfa9da8bb62a2ae084c78e7ce636fd69f15d35fd8fe129e77617cf529400905588c0d78119ce77a6c75d7ba54ee2c8742426a53c0d32f94ccae97971b7bb704d4624e7f2e73d1a6ce3beaf2de5f6b526a38938653d7a6cf0f6e8f31b9b3472294d397afc67b74d9f3f7d5ae1509f4073388cab3a3824d9524bbe44062572d47f0fa4a32376f21a5ab9f4e5a40200f9c646171efb60ee59500a826987c04229c6981a6a1d40e59e0206ddadc2d9b45540ee382bf0c295af392aa97452158923e9d4470f84a8856d67a5688a7e9f4cea7d6062000d8fc69954403abe8d42ba7988836b6d71ac59d4a68c4f565414f8e7337cb52e19680e8e41d6cb420f12cc70fb33845b7b6a5ec022ba857b683035ae5f6c42c61da28fd4ac6c10a58914eaa7591c8578c558dbdc6dbf4d692f5a2b76cd015c6aca5b11f2f5f94cc5b1aba9b4a1d3a954e5c483811f29ac246095b2ee8b8a5c06879832558dedb591a109a6b7a0c3126a09a1f5c266b4ed7b77774df5a16ef3ecb7346ed6e2cb956c0fd2c0e070ae7215eb76fe4bccf84bfbb5de6c977fb561a4deb6a6d386b8a1eddc0c94ea429a87cf9ca9c57dcfd93e6b6fe6bc75ade5b2b7adba29ae075b30fcc34cb52b60c39ce92e5cb69877b72c12dfe582ace407a0c30c72e186184a8dbb601b4a0e0cb4cb870c251915d4b46e385440292450fd5c7fc604c0890202044040404088114808080a408808080101032b7c65833808080808080808080808080808080808080808080808080808080808080808080808080808080808080808080808080808080808080808080808080808080808080808080808080808080808080808080808080808080808080808080808080808080808080808080808080808080808080808080808080808080808080808080808080808080808080808080808080808080815d24130102604c0881348081008033c78ca32a8e18981e4fdefb9ddecd76be5361a6deff0062ec11ae902cdcb5700176ddc6af4834188c8d266e56389bcf76fb9db64bb9b1ed7bdb9dd3a755ab3796fed6e5be3aaea30ea5e40496dfa6e6b3ede1f6decff74f92de3793b9b1bdb6dfa1b976c59b6a4047075dcbf72eb7e535c2b5d0ba7299f56bda47a9fdbafdbfd9ec3c737b837e83ca799df596ba2e5f1aedd8b17541edaad29add4f5d07a653a49873db6e5e576fed3da78df3db9b3bddcd8f19e1fca6dae791f11bab696ff4ab752e0eedab8cf565d0ae08d26b8899b1657cbbcc791bf70eebc65abbdef1ff00a86bba94122e5cb7501d30a80da8e1ca73c3a34afdcdf35c1fad372e9edaa6a2d53a528aaad9e0a060380951aad7c0b3711012ab8b370624e5fe52e132dbf30d6d9bc7ddb7d46dd9455b83f1007006bfdbca594ad6b66e6decbfe117490c58f48e24fcab2645f62d870c15cb556a54922b43d580f486b2a373e5f76aa76c966dadb5a8c00c30c721cbd659ab37672def5d2c74d68733cce7809ac339431b4002c48ae7402a0f1e3023505626ba94f4963c440cede90a48245b0c0ebc6aa790f8c558b93a40bc0d003435feb39599e1db5e1db5d9adeb96fbd56b68a03591c2a7035cb19e6bb623d5aeb9bcbb16f63bcf1406f76269a08372c7d49700c48d5f85bd32acf3edb4de62bd734ba73abe83ed7f2d63cba2ee57a1d2d1ada39ab1e2dcf0cbfc6783b7aee8f6f576cde663d31bb6ad22b39aeba7481c6980f49ca56f0f9bfbe7789bdbdff0db66d57efb0b9b96fec55ea7c3d6b3dffafae3feeaf277dcff00d93e5daf61ecd6d6c0395c035154e780e27d671efb9aefd5ae261ee368287d16a04f3355b3fa8555d5f5026b41e99c33873bc979d4b0d6ec06ea76eb6cc800d329bd664799dffbdf76e8ebb7636a81800333a70d20f0c70c27a35e970db78f1fb8de6e6f6a6bd719860d74138b54e44fa9e1ca7af5d647976ded62ed75d96da310b951005a119603f0d65cc6716f11dad978fdd128831ba4154776fa47e27ff4e394e5b76476d3aec6d37826234da6355ea7bb40cda700682b55c667f235f8dcdf21e0afde654b0848a7528206a5aff29ad7789b75569fe82eedd958a94d4c7e925b1187c7846dbe566963a9b2bca468a54ae746c31f49e7da3d5ad64d6c15ca8cc69e87e0648b5e7fc96d0d09a4f469b3cdd9abc8f93da69b87ef9edebd9e0edd1c6d1709a851418b57213d72bc1b4643a91083892c06449af31c25463c00a1d6295e6070f942327b6056ba8bbe054000927852050cac3a4fd682b43953d0f3946564257ac56809a1e2470905b6ae85b2cd9b835c45571c842b244b6ea6e1d5acad013c8fd580fb205345660f4a21d442d7fb4d2016d5dd06e15fcb521893cf84645b6d85dd6999188f80fa808169db3ad1315d441a1c987cb1064cae1d0b376cb6c2e77b577ed957b7f6e8707ee30342f5adc6850d703291fed93d5cbec8855db5dcd84b411812492a013c2b8a91c8c558a4a8b65ed86d2036b471c88ff2844baa950ca7a8a90053f1ad0fdea641b5b5bcea286a34e5863ab9198adc6caab5dd37ad152da8b13c695c30857d07c7ef3777bdbb777d62e15408ebb80da6e1b6c003f4fd41083a6a39cb19c3d3fb17cabf8bf73ecfb56bb5e33cb0b89bab76c1208a0edb6648d2ea75600f03512cbca6cfb56e543a28b6474302b4ca828675726cbfd3a9471a8e52095656008381c7d650a545060465003115fba04c0890200c088080811010220440980a40881348080970324e30328080808080808080808080808080808080808080808080808080808080808080808080808080808080808080808080808080808080808080808080808080808080808080808080808080808080808080808080808080808080808080808080808080808080808080808080808080808080808080808080808080808080808080808080808080808080808080808080808080808186120409101026020204ca1031bd77b565ee1c9149afc040d3b29b7b96d16ea9b970ad6a29a817c481f6c0e7a2a786d005ad3b02f4bc4285ec826bdc5b6b9027ea03e322baea5c6d96a16bd44d7152a496007a30951e43c77964f67d95f11e5acb9f01b605fc7f984ebd1699cb0b1b9418864662a8e010452b499ce1ac65e37db9ededbfbc3c7ee7c9ef9ed6eacef6fee17c4edafb15d1b7b2ec5f05a68a920a7ad62785bc3e4fbbf6fdcd9176b16ddaedbb8c86c7d5a8a26b0d41f4a69eaaf0c262c6b2e0ee6db6e596d597abbd35b57ef2622b3f29e38ecbb56d9d45d6d34b68dab42d012cc4607503c25a8e6dc6444b76c12555f5a8cff163f6e71067b82dba45776036d694a1c3f11c49feb106a25db8aa454ad3007e3c4cb8456ccc58166c7250309515f79f510331c78c0c0142aec45390cf1ae78ca8b13490155713f57f18c8a80aa0d19812a68470a1fc5ebf28a4f2df087b438e200ae58f3fe7387cbd3f0eff00853ac6a604eb23126b5506804f2f7797b3a1eb36d69a8a14d7b82854f1d3cb853e33c76bdfab95e5b69e4bc25f4f23b1b8cb6daba9146a2a733857a94e73b69b4de7ad70ecd2e97da3793ddfe4bc86dd2d6c56edddfdc1a4150a8809cd8bb06d3ea45272ff008f35b9be1d3f35da635f2dcf0fedcb7b2dadead2f6faf1d7bbdc8c6b8d45b4e3a7f9e6663b3bbdbfb3af574fa4e7cd7b1f0bb71b5dba00416390cc1f9709e5def2eeeca952069a83404804112659c34b7f7d951594d2e06c09c2b4c69f0c2225af19e43c95cb8f72ff00d5db72df262469c79113dbd7ac79b7ddca2c6d330553dced902a7e925aa4fd93ab8d858d92b145ba4d475102849c2800a7a4becbaf5e5dff001be1ed0a5c28ab4217481524835ae3386dbdaf46bd723ba9b42985b0e3fb88a2e3c48a56b39d74e185f4bf641560ca1862b801870a81f6cc3524ae75ddeb30009d34014f0a29a9a4d727aa876b0f424d18f48a8c48ce9f0896c30c2d5ba171a431a56b800be94f846d49ae1b1db172d535d5cf139099cf2b8713c8d815cabc30cb0e5e93be95cb78f27e636ca31a63c67b34af076eaf27ba52ae6a6854920f39eed2be6f64e5afdd041a8030c09152675725b698ad1c386703042092790fb242312c1882c1c1a95c852a686a38d6065745b470748d26b4c755686800814dbb82aa1f1cf1ae9a1ad6b512a65bd6add87765db16b969d4b32dc014f4e38530e991a5379a96b4db05411a69c748e15fe7112a157b1b70d4d4f77e9e415684fdf1e445cbd7ae84d46a188600e0295c80fba59132a11825e0cb850d41e5f2848f41b5dd58bb6552d50a31a8b571410afc4034d54e4673aeb16d96b17adddb375dfa0114a7d34a9cce34e5155ceddb5866a2bbbf6b143400d30f5c44bcb370d7aadc14181041a710398f4f4845edb7bae8d45d555254a8a82a0f553e19d248d5622843b10491570294c06069ea338a91935db8ae5901a1e1fd3e1c615d3b3a6f6d45cb40915ebb78501feb32d65e8bdbde42d5ab7bcdb338b5b6de20b771c03863ab0feda914ac90b1ef7d91b8fd47bded5ab96d16c3edbbd66d59b83550d9d5dfb431c0e2c47c66b5f2c6de1f5bf6ebdf6d86df5b6a3db36d830a323d9764c4726a673ac73aeeab5575646a03d3100c232350dcd5b2f8ff009ca0578a9a1fb418053a8572af08130224130231ac018110101020c0408a404040881301012e4649c606501010101010101010101010101010101010101010101010101010101010101010101010101010101010101010101010101010101010101010101010101010101010101010101010101010101010101010101010101010101010101010101010101010101010101010101010101010101010101010101010101010101010101010101010101010101010101010101010101010103090040980813010260250814790b66eec3716e95d68411e9f281361b6ed654da2ad6d94114c88239c82adcdc41f97a833106ab4d5d3c71e1035edeef6db4f0d6ef6e9825ab495662542e9fc352c4015e128f9c7b9bdc9b9f746ef6dedef155b7b06617773e4d8b5937501d205962169a18e961f537099adc8b7cc7b77c37b67c0dbf736dbfec373e2155435942ad781e8ec84248097071f9e72de224e6be5fb7dc6ebc0f9236fcaedc5afd6ecdd85b152fab796d2e5b5d438940069fb663e1a78a646d9790677e9ed5c36ee86a50156ca9f1998d29dd2ddbfbeadcb605aba350d0085a572427fb78cb20e76e9d4ddb8cb82a8d2b4187296335b7b3bfa36776d50105aac0e4daa81bee85f873eebaa8552356940013916e72c65404666a9048182d33a0950ba8a4d5492466a4635f422158dc03b7950d453e149605b245bad749d5fd22a45c76b6902b35e557e36c7553e630932b236ec5d61447c148e93f1ff0029c768f46b5ddf19b9b166cda4660a529ab2e26bfce793b35b6e5ebeaec923d4f8ff0029b15bdadee50360a01ae81c8ff59e6dbaebdba776aed36f3677d05b1422956f51cc4f3fad8ef379566dac59b21428aaea069c2878ccdb6ba6ae829b6d72ac069cad81850ce6dba5b3057a14694cea0e1433346ddc06988a938e199911cdf2859955d0ea2a0d41c350ff00196258f2dbadaabb5e2a4837482471a835c8cf5ebb3cf74669b404bf4d351af338ff0049ac9eaea6c7c5ab63400ad0e2b5e19564bb2e30eadff23e0bc4d8d5e4af2a3103b62ba5ea0d400bf550f1a4cccdf10d903dd5bddc59d5e2bc1ee1ecd42aee2f85db5aab9e8a1b843757c26a75edfc463db58d0f2977debb7665dc78dda5a651ab49dd2d405214fe1f592f5cfb6a76fd479cf23e5fcc6d4d37de32e5b00d0dcb4e97970e5a4cdebd52f8abb76d9e629dbf98db5f34462afc436047db1b75d8d6bdb2f8742c5ea8e8a8273338d8e92ba7b7a9b655941a8a83c2bf19caf96b0d2de583a694a9e3ca74d366368f35e5f67f58e5889ecebd9e4edd1e33caed801a86047df3ddd7b3e5f768e2baf5d384f565e45b6c30563ab495fa587c79488b52f5168500623176141f3afc7842a93576ab0ab1c34700292a322d6d906852cb854d310d5c41856765c2dc56fc36cea3f0ca984cd236b79d972ef693a558874a546938ab73201cc445a836fb89b13f85edb6588d42e3034f9c5a6ac7c86c7b56d54e42a6d381506b895feb2ca96349d4749af530eac2a0195962b74db3836391272a728ab974fc5ee516e3231d49710ad0e14398a11ca62c6a2eff008ebf7b5ee2a896ed1eb7068186409518d7f9c7b2cd548b5645d2fa814521435349c7eaa8249c0651930d85dc1dbddbcb4202bf4a8afd0462448ad7b57425f00f4b1ea4ba31048caa0fdf2d88b2f29b219eda9edff6ff006f31ebe93316c59b5ba6da2bd935ae0dcb3cab256b5773c6ef6d3074b96f51254ddb54d269fdab4c68c0fdb2655daf64f9ada78cf78f8dde0b86d6dcebdb33353f2d6e9d20b138d31c6988895369c3f45ed2fdab362d68b97545c72eb7b4008cc5eac4372618ceef3bb16b7169ee001886c55481c795460c2b940d9ee291d7857f10c31f51c201b58c8807d47d90255581a16e18e00622519507fd6020240811010220202041101020c04040404040c9658328080808080808080808080808080808080808080808080808080808080808080808080808080808080808080808080808080808080808080808080808080808080808080808080808080808080808080808080808080808080808080808080808080808080808080808080808080808080808080808080808080808080808080808080808080808080808080808080808080808187f5904c063010260204c04a1024d781a7181a6fb45572d6905b049627036ea733a7ea1eb0347ccdcb5b7f157377783ee110d6d6d93a4de7382a5053a49ce458e6ecbc37eb52d792f3c177db975aedb6387e976e5b0aaa645b03d6d8f281b77767b6df5eb9637649da3e8570d80b8154d30fc280fd3f6c0f07ee92dee8f2f6b682e35af69785dc2dab97ddb55cdcee506a005495b888eb435c73ae1599c72d7c3e47efef3afee2f397b71b5b2b66cd91fa7becada85cbca58ea5ff4ad6829c3099f372dc9c3c90368325b6eb0485620e3f3fe5031df6f6f1011589504d172141865eb249932e7f77bb69974508faf1ce93786522e1e0d538027d08c8c8aa9f1cb94b12ab4d75d4062b8fa4a893a99a82a01c882491e95812c815685a805473f9081005ba69562e4e24019525456001c8f1ac11b68cd7146205456b39d8e92d6d5a42c057124e238fc8ce75d63a362f5c4a9e5810784e6deaeb6cbc8322a8d4548fb3e138efa65e8d37c3d26c3cab38504e0d990794f1efd7cbdda765af43b6be8e4571e46b4cb9cf2d987ae5cbb3b5a771090686a350cb115c7ec9869d15db7712ac6a002d4cabc3e72336b95e4aca2e1a48233a8229f6cd469e7ef5c44b9d4baae1f961f39e8d7c3954d9624f0007c65453bbf31be7bff00f1fe308b77e80dfdd3fd3650f120e6c7809d35d24e6b9edb7c4731fcaf88f0a4dfb43f55e57553f517ff003772cc4d3e935098e4274d74db6e27871ececd7499bcd70b7fefff003be437bb9f156ee2d81bd22cb2ee6ee808d98d579e81287e13d9a7ea7dbc1dbfb9e711e737beecf33ba72bb8dcbde7b4343386a8210d2b5e38f1e33aff00c5d638dfdbdab76cfb93cd5ddb2deee35db495535c48386ac73c672bfafacaed3f736b396e788f388c152edbd58e07e75e33976f5bd3d1daf53e3ddb70cba68a33017a8fdd3c9b6b87bf4b97b4d8f8d6ecaea04126879fd93c5b7976ca9df6c5864a1781a7f38d4c3ccf92d9310c0ad4e4089ebebdb0e3beb978bf2fb3e96618a8c04f775ecf99dda3c9df465b850e1a701c3333ddadcc7cdda728b76ee9a844d4d5ae79530e334ca7a7b655b177fc6c4934a8cabf0c6322a2eaaa5695634d3fd49952a6c57b82ed4554d48e38738a45969ef156047711beb15a12172a7db0362c9bb6cab8214835b6febf3c0fc265b6e59dc23916c2225dd5aac843a43330eb41c012402bea24455b9dd2deb7a1aaaea483a864788200c24c34d06b60d15f9d0919d3d26f2c586bb459b4db0a1683b75d47e24f38a92b2b372ca3ea0814f024d69f292cab1b3b9b6bded44f4dda14c30c45493cc088d5ac367a4872c49a9d401ce839fc62a46fed6ddbbd76cbdeb9a6db391789e00d0f4ff71a7df335a6bdc42bbaba0a0bf6edb15e3465070355ea534e32c2b3b7bc4b54b5a0dcb780466a13418663060666c22cb76ec5585bfcb5b808ed56a355331cbe115636b6bbf6b5b9b57d505d665ecdeb6d51a9698750c8e122b65906eece961a6a68e1f0a31389a8f4e332d3ef9edeb9ee8f116d57c5ee5fdd5e14802e78ddc3db4f25b56d3d28b72bdbb80aad572d58633b49f4e1797b7f11e5fc779af1c3c9ec1d9059372c6e6cdd536aed9bf6feab57ad9c51c1e073cc4d4acd98766d31ed2338c180d40e609191ac224a807b40d5181edffa4e74aca3253a9b51cc0d27e78c0c89808080904404088080808110102204d2038c0408819271960ca020202020202020202020202020202020202020202020202020202020202020202020202020202020202020202020202020202020202020202020202020202020202020202020202020202020202020202020202020202020202020202020202020202020202020202020202020202020202020202020202020202020202020202020202020202020202020202020202020202063fd24080813014813012840910103020b3824f42e4bccf330385ef1236fb1daef18d2dedef3bdf6e40d9750da462749e52558cef15b9b3d9dc47176c7e98397b7402e5c368691035fce7ea2decc96b8b52aef72da292a6daa5298156241e15e70472fdb9e0ac37b576f6432bddbdb3b851d7256bea6add40956676ab1e5847c197e77f3ded9f21e07c836db7f6ced75aade54660ff50a7d4b87d42bf0a4e5875972e2793da27794a9d209043e1a8838f5530ad2215a0bb5371d43834a12a07206984a886d8dcb0ecceb5602a579d47312e530d06a6a0572c881c0cd286849191c7084ac0125aad9711f0c21175827f536c11d35c07034073102adc39d4d5001e96f4ad220c6c5d36ef5bbc08d6a701cf9ff0084b51592bdc634a549d20658c44f96f6c531ff0041c1819c7b2bbf5ccbbdb7d959206153cf2384f26dbbdbaf5364ed1010298ccfbb5f89b36ec5b185295c8c96b7348ddb0a529a5a9957d6939de5d64c3a9b0f24c8e351af0f87cf94e3bf5e5e8d377b3f097fbe828411f19e3de61e995eb367b5d6940b5a658e5ce359972df672fccedca291957215ae3eb58f15bd2e5e3eeecee9dc363adc9a0271f4c69fc84efa54da30dcedb776945bb6a4bbf4a8e15f8cdcfe58703c96e9b6cebe23c636bdd5c6d5bedd91f8db038fa64394efa6bedcdf0e1bdb389e5ec7d93ec1d8d9ba7777cb5edcb8adcb973f15460573a19e89d9f11f3fb7ab9e5f30f7ff00b44f87f3fbab374b591b8b8d776b788d4b711f8579839cf6e9bcb32f1efa61e5ae6c02dab76ac937770f8145c5db900ab5a89abb33357abd8fb6b73b2f0e36fbeb4d6f77789b8db61fee283906a7d3f39e3ecedcde1f47a7f5f1397a1f6a7b306e2e8d763f29853a8fd34f59e6dfb5ecebea9397d3763ecff17b34b66c8d58654a508f899e6df6759bdfa75936896d68aa2a46272359e7da352b97bdda60d419d470fbe72f0edad798f29b2a2e7d5ca76d362c78cf2fb0251ca8c33a4f7756ef1f6e8f0de5b6852e134a3d2b43c67d1ebddf27bb4c3405e644189e1a861400e33b3caa9994924ad09a53d00feb28c96d12ae5454e9a9f86787f2811fa53a4691d4d8a29cc8cc93c04b94c234d6e694a39cc15ad071ccf28224b382420a0cd88e2799122d5fb62a56e1206a7155040230c294f5c60caf6b96835372ad714803bca40b807ad7a5bff37db22e571dbec5591ad6e91948ab5b6528e00e6a70fb0ccb5c32df6f2cdf54b169a96531550a0365cc1c622d6858b0eccef6c51ad0d4dc481956698c36190ee76cba6a6e590558d4e15c41e181184993cab36af76348baaaa3ea04d083c465c638c8c9eee94b7524938d07e119d47ac2b0376ea6e3ba970dbb856a5d4906be94888c9efdcb975998fd54c680679e5fce30d656ed909728e42a9ab22d4d081ca6692b7addaee2b76f4a91972a8cabc8f2332dba1b6bf6ae3da400dbbeec2ddcb8d8a0a9e5cb840fa77edd6ef73bff0072ddda8dc5cd99da5bb636172d2a02835696b441c1d06a34fba6b59cb1b787b0f6b5ef2b77defee6bca0dcd82fe9ac6e9cdb16eddcdc5a04d5a980288c03571fb26e7962f87bdf17bb6b88d66e280d68e9ba00e9247156398381134cb7ee320282a0117148fbc9c25445afada828096615c3d07dd02d391ac08808080904407c602044040408808080803022064bc65832808080808080808080808080808080808080808080808080808080808080808080808080808080808080808080808080808080808080808080808080808080808080808080808080808080808080808080808080808080808080808080808080808080808080808080808080808080808080808080808080808080808080808080808080808080808080808080808080808080818c810102604c04a100338130246503122bc698623d38c0f37e7eeef7c96e5fc06c6cb9b4f6b56fb7f8016757fb412a412ed4af2a495670f9af9bd80f6d9da6d3ce6f3c8ed775b721361e72c9bb736d79194aaf7346b556b5874b2f52fa899adcaf4bed8f3ade77c3b58b9bb5de0db17db5af2760543974d55a9a0e8a575722225e19ad3f0bef9f1367c07fc5d9b57b77e46d35eb1fa4db29370b1183bdc00e91f8969f747b70b63c27bd2d799f23b2b3fadf0db9eced6cb3d9bc8ca40565c2eb2d70d20620f0ac9cacb87cab7ede4537cdb4dcedfb7bbdb7e5dfb2c2ada971a31a91ca87946172bb69ba51734de3dbb96c9b82a02d3d7e1f18568deb84de728d5462415cb038e5e908d7bdb736c9254a8e25b0f901ce3d970a490c95a50839fa7f94d32cb471e5fc6108b3428b4c6b885e1c093fe102bb7da37559c93800d415141cab857ee85c32deb6d4b85dadad000fccb85b5127eefba12b4b12c00cf2134cba3e35eaaea451c1a1197dd3cddd397a7a2bd278fb89a6acc02f1633c9bccbe875d757657ac5e65b7636efb8638061444a9ff53d04e78aeb368ec58f11bfbd40be3918862a40be81aa38e229263f95b7f851badb5adbb94bf66e6d1c605ae50dbfff00a8b514f539c62998d5bfb3b8175db35398e20fad442e2bd47b2776d7ce861564c08e54c278ff00675c3d5d1be63ebde176e1ad15381a49d332e1dfb62b43cc6c6de20a6a2302387d939764e5dbab670edf8f44dd2be8028d89974b72deedff0072f876dc6dc5af196d2ceeaf5b62fba705820a6607169eddb5cf8f0f1e9d98ce5e36cfedc6df6be3c29dd5abbbc5766b9bd4b773bee0e34a96d34e196135f9663874d78bcb7f67b9de6d0684dda9a02036900e192f573999b1b692fc35bc9da6f396edd9deeded6eb6e00674bce00d543f4b2024538cdebd967cb8edd12fc2bd978264db1b3b0b9b3f12da0fff0067b76ee96070ade23510ca7989bdbbbeea6bfaf27c3a7e27d9bb574b65acb35e5356baf5e1c31cf9e7386dbe7c3b4c6af5bb1f016acf528a635a71c263097b1b8f65021c2941514c0d0ce3b2cad1ba74a9c69ebfe1395aed2399b938126a49e58cc3ac8f3fe42d8a330197d537a2bce6fec82a40e597c27a74ae7b4e1e17cdec43396a5406a7ca9889f47ab67cbefd1e66f5a64d5882470a75020f0afa4f66b72f9dbeb851716f0b18fd2492ce48a93e827473556ae35bbc971aa19721ca08b2edd760c436a70d51a4e14e348c194d9b9692f3310487189c87c045f093cb67559bb6eeba90a569a16b9d780ffc20492356b9eae40423315247a19aacc5e6e5bbaa12ad9604f1e332aa9d34d9624d4ea000f422a66ca5b35ee52945a554f23849532ec7b71eda36e0b30557b6d6d881d4435148c788524ccecd6aa15d36bb9ec95a22016dd8e15009d2f4f504544948aeeedd10bd18a006ba7957220f11ca25554b8dd404166b985b7e7f6612d195cb1a0af6dc5c07eaa713e809c47ac22cb5692edf0ac8453a81a11f1199047c22ae19b5abab73ac8246495a9380991d5da76aded56e004dd7afe5d7000604d3f9d662ba462468663ac22e1a6bfddc8538c2bbfe3fc8799f02f6f7f62fd2e76d905c514aa30a6827d3e15e30cf15ef3f6e7dfbff00176b6de2f7e5d1b797ae5e6dcde205bb97aee21ddab89c7f16066b4dab3beafaf6dbc9da1b9546702a15fba30a23d742d0e47f813ab93aea56a1c8d210116d6bd58fd44fc784a8bf260c0f4d2a7e3c29f2906789c7ec944404040481022020440404083018c04040405204af1960ca0202020202020202020202020202020202020202020202020202020202020202020202020202020202020202020202020202020202020202020202020202020202020202020202020202020202020202020202020202020202020202020202020202020202020202020202020202020202020202020202020202020202020202020202020202020202020202020202020202020622413010102602501026902602410c2a398e23989471bf51b7f1be57777376c6dedb7da6e8dcdcc2dab5b416bb6cdf86a06a15c339151e5fdc5e16c6c4ebbebba6b83558dbd8fce66738a1d29a88c72316987ca3c9eebc88f03badaf85db2d8dbe9bcbe42f86a58b4856acaaf505de8a4bb28a0d5499b9ade30f6ded7f65edbc3fb62c6c6da85bf4eff91bf5edb5e67a108f707568ab61ce6b0c5af3ff00b9de653c7fb5bb6965cd9bf6976bb616cf6adf76e313a8dbc4b2250d71a4ced5ad5f06de790bcddb6e85b966caedc3a00a0a2d42b1a62daaa7138cc65d1cb5d8ddbb575c0db51dc76cea7d47dcb2a34aeaba5ea25683e9e7f1945fb8dd136c2ba8d4bf8aa4b63f131216b50a9397cf94b965910199154643feb0b586eae923b683019814e1ce91226ca48c287239d25457aa94d394b225ac0e7348dad96e3b77d43f523749ae7e98ce7d9ae63a75ed8aebaee6ddbeab98aa1a2270069f511fca797d2bd93b246ed9def98dd5bb972cfe5edd12af70e00e8c41419f0e12ce99f2ceddf7e1a7e3fdcb7df788fe52fee9f64ce3bebb7755b81694d4bdce82c0d281b09d67ebeae37f6375773dcfe605ebb736fbabcd60b9edf7f4b3941f4f729d3aa99d308bfafa6575fd9ddea7c7792bfb7b3b77de59d097c2baee2de16eaf9074fc1f1187a4f17675fd3dfd5dfc72fa07b2b62a9e4370e0551b49040189cce73e7f7dcc8fa3d5316bebfe2adaaa7c3ee97a3879bbeaaf248aee4606a71232ace7dbe5be9f0e59b1a968b40bc2a3efc2729e5ded743668b72c8b3746a518a9c6b5e627b7ab7b662bc7d9ae2e6336d8a2fe106b9d052b35599b303e3f6e4926dabd7fb9457d626cb948f13e38b51f676594e5d001fb4526bda336dfb5b6bc5ec11c326dd11b1a52bc7e72e27d27b5fb6cdad9d941d28a071c323f3952ed595cb614578e559cec595a37c03ea49c3f8e13cbbf35e8d1c6dd310a6a28456b43c671af46ae4eeae5056b43c6663ab8be42e90ad4383634e33a6b079fdd5dd47119f31fce7a358c6cf21e7593b8ca3e93566e7c8cf675be7f73c9f91b76c5e64a8af06f4ce7bbadf37b3cb4741ea606aa333c45675ae5855a49624e2a4e1f39a628b6e84d681ab43cbd6b025ec3a2862435b2480e284547df02ddb59b57ae2ab1d0d9e38afc4c96e1632de6c9b6f7591c518635cf0f42384b2a5986a024d5867fce5a2c15d2ea712295a7f18c82bb60adda13f511f312a61b365ef6ddd994e0c1abc788326dcc59792f3b39ab9cc66666355bdb5b63776116e314d1d16aed68c7f1114e5169265afbbb4d609423a6a2abc29c311fce585e1432953dc0492c280e55078d47112b35717bdb7b68a59835c15389145395266c58da6170d8b478528a46658d49afc0199ad2db6cf6f053552430e6a40ac8d46e6dacadc75284040416aa960b4ca838d24aaf49ee4bcbba6daad8b16ed3ba1bd70a5d2e1830c09240a638fdd2b3272f42dbdf1de5b61e3f6d72976cec1136a75252e7ea2f311da6031fcb02a17d6323ed1e3b65676db6b69b7b4b696d52c9b9716acfa102db60c7984e33ab8bb1b4df8dcdab66d293d95add29c08c467f51e32a36ecb8213a812e0b0389c1b1afca06c0387a7a4a1020c04040481022020440404053181148134810602b02538cb065010101010101010101010101010101010101010101010101010101010101010101010101010101010101010101010101010101010101010101010101010101010101010101010101010101010101010101010101010101010101010101010101010101010101010101010101010101010101010101010101010101010101010101010101010101010101010101010101010101031a48260203181328404098019c0981224146f5adfe96e1b96c5e14a0b445416268a3ed328f377fc7db7f2876f61825d67ed376d557aa95bb749502acaa34af2ad7848a9f75f81db5ef68790f1b66da594fd30b56529d2ba6e2b135e54aff0058a461bbf2bb2b5edcb9e67c8dc09676f656d790d47450d9211c327121be9a6621647c07dcbee2f717bfbce6cec78edbdcdb78fdbd6d6d2c292e545c249766fee238e4263cb78c3c7bed52dde737080d8a852682a1b4820f115998d35b7173f4d656d202359259473069f39691ae96d0b35bbf5041ee238cc91983fd64c8afbdb60686d94624d2e23e6470c654ad776b4091a5aa0664ca8a9ae9c970a8cf29644aa01e34cb2a4a8c598e55c32959618e5989a191c053ed3208ad1b952303a203dc45bcdd294a6a23323800339cae270ef25bcbe8feca5d8ee36a2ddc0345d536cab614a8a1c384f2f65af4cd38796f37ecef23e2372f6adedff5db4bae7b2e956a29fa43019309df5ed967970bd572d8f11ec0df6f14dfde95d86d40c2db11ad80fab0194e7bfecc9fcbd1d5fa7b6de788f7f67dbab7b696d193b8aa00b6ccba528b9506780e267cfdfbee72fa5af46b23d4fb636636b696a40e249c278bbb6cd7a74987d1fc60a20d40834a57d7d277e98f1f735776d5723850e9a72cbefa4e7bba69e1af5ad69f003e13965d2b66c3d082388afc073a99db4ae5bc6e9b81d798231ca82b9e27d276f6cc70f5634c7a6b8f3c8c8acd1980caa389feb2185a2e02ba865f0a835f84edab163352284d73c81965670a7717542faf2e5ce73df76f4d6b93b9bdd46a6839113c56bd7aeae46eefda199e903103899976d7570b757c533a019d7027e12cd5d70e0eff007049391f89e1e93aebab3b579fddeed0e15a6ac7ef9e9d7570df679ff26c6e36b15054316c30a4efa3c7d8f2fe42da8725ab506aa41e1ca7b3af6783b74cb41d91970b6a0d74935f9924e53d11e6a84164a93ab01957024f0004acb32b76e02e5685c6960054fc44995c29b964da1f552b9002a7e7fe72c45d62f5bb3a5ae0fa8d050d294e64658f292c2574777ab71606a1a828fcba000a9fed6a71f5e3235e5cb4b7546b766ad79e818818d0e3a57facdc6555da802d16a94c0b02299e343e90959903b4974622840af3073122c62973ea61f5152280d70c20957db28c155f2ad356640f5033122ae6b77428c7517350c0fd5ce864565bb666056bdc0052e01ce95aafc38c41a81820b629abb780072a1f495107516058e78eacf0385630996cdb654eda2be2c3a97953299ad36ad1b2c56c5e0d6c0c4153cf23256a372d35bb56a8ad806fa97ebf87ce61b75769e596c6dad6dae2a9db8b8aedb8095ba42d7a2b99035652e530eff90dcf86f2deead85ffd4fe82d6e5ed59bfbeb1444b67b78336aa1572ff531c292db2a4e1f41f6b794dfdff72bf8e7f33737fe32d6dc9deb6e4dad22f0ba150a114e9a0d5ce6a56369c787d13c25add581b8dcdea0efdc0e8ac3492ea29ab896aad29c2748e6e85805aed4b06edb9ee28c9431a85fbeb08e8d29c31a67eb2865fd604c088081102640811022049811006020204404095960ca020202020202020202020202020202020202020202020202020202020202020202020202020202020202020202020202020202020202020202020202020202020202020202020202020202020202020202020202020202020202020202020202020202020202020202020202020202020202020202020202020202020202020202020202020202020202020202020202020202063209808130225130102604c063c3ed80c794828dcb10b64d3a52f5b2f5cb4827fac0e2582b63dc776ddf60ad6d9eeda20e92c2f60491c4d222ba7e72d3bf8edc15600951a7a750043022ab9107222547c5fddd6b75ee8f705af0fda7b1b3d98b7677ef649adc664a5ab6b4af2c4e7cab39e32dce1c4f6a6f369e2363e377bb9b876b613777765e4edda05afa5cb0084ec95fa755ab8d51c4af39670d5e5e1bddde42d6f7cfdfde2585dbdadd30bcdb653ab4bd3a9bfd1ac8d457856632b239772d0de30040d40d73d2d4cf0e048cc0972b635b7ca96ecdb5028ead85d1807a8cc0e07989930e7b2e0f5fa8d0fa7f149b952c60c7429a62699f2acd335433115e24e64c33580f8e79cd0c7e32a200a7c60642e15353d5f1c64c030fc4a7a4f3cc1e5184753c65b6bdb265cc87ff00033cfdbffd9eae9e757a4f1f6379a42d96615fed9e5db691f43af5bf0f41b1f17bdbc3f3ef3dcc3145397c4e53cfbf647a75ebb7cbda783f6e9e87dd82e0d0a5afc20f339d489e7dbb1df0f49b9db25a4d0b905cf9fd938edb1af2cbc65badc45a508c87c661baf6bb36d3b7c39607d277ebdb878f79cb4b775246afaab88ae195672dddb473c5e2a4290580c2a78fc662575c2fb5754e19927e271ce6a573baba9b57240fee206194f46b5e6de2d6ad2b5153f2137598acb106a331c44e79749189bd700af1e34247dd1ed4f5883baa0c6953988f75f46aee7754ae27e539ddb2e9ae8e5eeb71539ff4fe739d77d757237170b31a9e9e664748e1efaf20660d5f4cf1e549bd62bce791dc8eaa530e3c794edac72ecd9c1bb74b3134f4f84f4c7976db2d1bfa5d5802699293919d3571ddc2f216958b0189515386559df4cbc9d970e45eb454914a291422b89f59ebd6bc7bf959b0dad96637ae006d5ba12b53418d34b71c62ec4d5d1df6f2c5d4d16ed2db4b755aad6a3501c7e32670385701eeb6b720622a7fa89b8c6ccd580b7db71803f640b9aebaa216246b51400e050602bf0930b2b1b7baec160a28ce0a960684573a18895aae8aad86a0b4a10c387a11819ac8de7571b5b6c48005069e3f099551b6b2af5b6809ba5b0d2731c25b52326d49748a51c1a1e55122f874b6f72cdd5368206b94372d86f4fab2e730d352eb97bc6eab50d310070c8fa7c26b2314db6a6a1246205695fa8d222613d9b54ad51f8e9258619020c646e6c9137162f5ac16f003b771a982568684c0b76fb2ef5e0ba896a1a2a509046787c2b32acd14dab5716e7558b8706143520d0509ca46a36f681af5d4b562d6bbae696d6a41d4401a40f8cc56bc3a7b3db36cfca36cfca6caf3dbbe025eda5b64179989adba33d57ea9af94bcbd9f80f6ff00b3fca1f256919b6fb8b5717b5b2bea6d5cb56cdbea5231514b955c78cd619bb57b8f68feb7db9ee4d8fb6d3c8eeb7bb2f25b06dddcdbde6efb6cefad0269671a956ea06e826986137261cef2fa36c57f295c02af7c92430a1d35a29f8d26986f81535e1c04a07f9c040708110101208813288a482204c08808080a408a4095960ca02020202020202020202020202020202020202020202020202020202020202020202020202020202020202020202020202020202020202020202020202020202020202020202020202020202020202020202020202020202020202020202020202020202020202020202020202020202020202020202020202020202020202020202020202020202020202020202020202020204481010260202513280900835813410048032a9e4048316058686002118838e10385e67dbb737f65ad0b8b70db5ffb6bac74de539fd78ab50e551845595c8d87bbf79e32ea789f74ec1bc76e6eb0b5b1f221836c776e3e94374122cde6e4dd2c72322d796f7016f6f7ee25adc1dbabf8df39b744dbdc62c19775b6522e640f51c08cf98ce09e1f2cf745c3b2f29e53c65bbc6ed9bbb8b973f5150755960b7c35480453591aa9899cdb8f225edb5c37f79adada1d2b41d5a40007cf4f188d09ba41b8570baec9d345381a8c3d3393246bf93de5b0f712ca8ec5d146198246399e239e12ccd2b4acd4f50a61916c8525658ba68b3a98ff00bc304e3a41143f1acd44693821a9c26a32015319562d81a0c6589514ca908903a80270e23846502da8b9a52b5603950e51857a2f69d96b96ae0e6f4fba793f66e2bdbfa9ae63e83e23c523050e0f0c2b49f2fb7b1f6ba7adec3c7f8eb4b40a80018d00e33cb77cbd187a2dadb4b6b4fc54ad3fccc9973b15790622d0e59d061331a8d9f07659985daf4b57483fcf196b36bd66d6d5d6b780aa8c31159d74d6d797b3692a8dd5834c70a0c38cced30e9a6ce4df47535e39919ce4ed2b596ebdb258e3cc1fe91386accbafb2ddd554042dfdc730bf1a653b6bbbcfb68e8dbbc08c698f0cfee9d66ee17460e016c3a5bd2bf7ccb715921012786126570a6e1a8d4d5a7ae7f6c996a469dfede927481c2be932eb1cbde1a9a0180c81e3fe53363aeae66ec15ab6a2e687d7188d3cfefce64d357e23c7ed9d20f35bfbac6a733c04f4691c37ae532b5751c2a6b3abcdb35af502e2428a9ad32a9e026b573dabcc6eef6abda35e90c35163d35239cf669abe7f66dcb4cdcb972eb06400d34af31f64ede1c6f350430d6d5c0fd541407e127b65af4c4628cc11886c6b87f596f96752c28b977b4157f330d4c2b41f1e136c5377b7368e85a85ccb1cf1124a8a4dbbd6591af022d5dc03e6a47a7c254f0bb73606a01851e80943c7d57e30b6293d94a1506e291f412c287e50980bdd200d3a549e208a7ccc0bedee3f4f6d52d9d389ee38cfd71f8612632d6708ba1490007a905b4d2a403ce9c22255d62edc55b4b5d6a0555c0c41c8d09c72cc199b30d466135a06b07056a38f5e14af0932ab50595b243934a962dc493cfe5128d55645667601d3fb454517f0fdb375165db769ed8b96d8d14e9d0451a99839d099930e8f89df26db7b6af5cb06eda5526e293a4b02b4a1239d4495a57bf3701b5560ed7505cd0b92eaa8d207a524a4addf097eda6ead35cb86db865218d70a6797f748d57ac2e6d7bbb6fb96b69bc371c3ad9ad6d38d5a5016c2996151093c36ff00f94edb63e6b71bddbdc37bc95cb82c6d4de06e10cac4bf7907d6173d43a94d292e53d5e9f65ef054b7e05379e3b7a7cbaef0ff00fac1516e2eec152af7159996e2d061a1c6591965e19c72fad786f7178df20cb6c0bbb6dc5b53a6c6e90da6a56955ad4107e33ac73b1dd04d3fc739508126062602020240942411022020202020202048960980808080808080808080808080808080808080808080808080808080808080808080808080808080808080808080808080808080808080808080808080808080808080808080808080808080808080808080808080808080808080808080808080808080808080808080808080808080808080808080808080808080808080808080808080808080808080808080808080808081120404040980942048813204083850fca0655e2204502ff204ff00581e37dd04f94f19768ac76b5ef6d6ddbaab376c91fa961f89431e84c09c4c558abccfb636be63da7b7b5bbc36fd8b6cd7aba4edcaa1ff00b9b15150d6cd0b2f1158b172fcc9ee35f33b2f31bbd8ef6e6bdf6dedfe84dd18ab2af48295e0cb90e53961d3e18a59b6bb3b82e8c9514213521a9535e35f4f592b5a39c2ddaba4a952aa47439fa41ce9034b736ae695e821549d478112eb52abb7802781048070c0f09a655dc7a92c716a004cb12b5587563f1a0c2540b01857e42132c6a6b51371119c21000906a33103da7b0ac87b170fff00c434fb04f9ff00bb5f57ff001f387d4bc3ed928b86247f1899f17b36e5f7358f4d636a154508d073a4e795ade5b6c00606bce98650c353c85a3754228a6a341fc7df3512bbde2ec2adb451828145f80967973dabd678fec1b055f22b9f1079cfa3d18c72f99df6e731a5e4113510a415a6072afae1c279fbf592e1dfa6d71eff006c1cf12729e4af646addb765ad914e35115a99696c6f3a5f7b2c4eb4ca9882a78cb22eceed8b8bf8beac8739b8e162e374620370c8ff008cd33854ccd9d7ede515a8aae361860666b51a77cb5294af23eb237ac73af9229cea69857f9f291d2399bd65d3462695397f59634f3fe41aa02d49e4384dc4af37bc4258e35c4e34a1ce77d6bcfb348db6734e40fafc67572b1cbf2a9da4403e906a471eaff09d3adc3b7879ff002b61bb9a9012c68491c6bcc1c27afaabc3dcd7dfd9ec3a854d6a1035335208caa00a633b7970b70a16e0bbb621d4aaafe3e00992698ad5eccc506dee1548d3963ab81f84e8e5965b577b5b8d470c2b4af1e11522edc6ecb5c666ad19ba8f1ac922da83bf2db43b4ba012189b57000083910d4e7ce31f265625f4ddec52c5e006e76985ab95faecff00edb7aa1fa4c783cc6838adb04120824115c699ab09b65b566ea0d9b551ba0f59fa892722d5c872a4cb4aad382e491a9713a4572a739299e5d5db1f15b9dbb35ab97ed6e10f03d2471ad2847f298e637c56b3a2ab10ac5c935427019f08c9eadab36950eae92c6a3b67207e1953948b1a9b90cb75aada949e92a6b97032b35495a805eba6990cb39acb362d5474b6b794fd26849a138f0a63c24cb51d0bdb44bb680d7576b68c808c2aa7aa48ace967b3a432bdd5e9ae671c694f809969b5706c5bc4a5e5b5713761e9af0edb0e1a788238d60c2ff16fbdddbdbb7658b791a1b7b6b5a6af7cb1fa6a305a733f2889787b5b3ecdf7078fb761b6b776762e0b3716feeacb30770ebdd2f71ee0047f62fd9c65b3849b3bbfb7361b73ee1b1bbf276cedb75a7b7e26d54bda4b4149b8c971aa1ee5ca69a34baa6efb2794db5bfd336e6f5a0379b765617554125490ac870a814fb384eae2ded9338d565d83aa13da7e256b803ea251b3208940c08808080902046502204c040408808081225826020202020202020202020202020202020202020202020202020202020202020202020202020202020202020202020202020202020202020202020202020202020202020202020202020202020202020202020202020202020202020202020202020202020202020202020202020202020202020202020202020202020202020202020202020202020202020202020202020202063209a40409942400251348132040980e14815dc2550902a467cbe30353ccdcd1b07b65f43ee296437101cf5119fe1ac51c6f34a77fb07b7b75296af15efb96d2c9b5b25705d39373ac2c757c9376b65b870cab6d6d5dd294140ea8cead43850d32ca2f823f18f96dd5cde28bf749eea5c7bda89a926eb12e31eae9c2939475abf7eb795b7d4a16bae2e2b8ca8c3319c5f2b3c353c26ead6dae69bf6b56a1d35343f1ff0018b0970d6f2577b978b0a2a0fa5105057e726abb348d52e6a5cae00567461758456a0bba7b6c6859bf0d0549e710ad4b84173a6ba381a6265655316048aca958cd328ac070800607b3fdbcdc28efda26855c37da3fca7cff00ddd5f53ff1db797d63c4de1a54673e2766afbdad7a8daa16a36aa0ff0009ce44b5bca9561f6d78c5672d4deb2d9a5e720ea6a2b1c08c2a66a784fe1bde3fc9596404303ccf2312e136d5d8b1e5d12dfd598cc67f09d35edbab86dd3970fca7b9c5b6250ea735506b90e2673bbddb977d3a648e537b92d903bae2d924d35b0527ed331e95d71230dd79fb4b64b07049c994d6bf6564c56a6b18781f2e9bff003766c9504dc471c7251ab0a113d1aeb5cbba491ed52c32004a9a8c9b03fcb097163cbed96468490713c632293872f4aff021b5172e015c0119578d24b5a91aacceeb515c0f48e27ec996da5b9662086343911981f191a8e4ee189c32032a89a8dbcfefea19abc33e33719ae3deb218934a7003d67595c6c6a5cb6054814ae009c26e573b1c1f30c194d7f091a70e20f19e9ea8f1f73cc6ef7172f5e2aac74d74a2d7035ce959ebd670f0efe5a7b9b97ffdbb84903016ce4b4e58cedab8ecad8af659430aa914ad7a89e5f09a66960ee113b8abf935a1e55e5ce5acc6d55180b886a748d258541cc51a991c265acb52edc6bad5762cd973fe292c412c25c03af1152d81a01ff8bd60435c283a4d0b1c4f31cbe1025c2bb06d5a4b12cbc4572a4b116a5db22c3a31d1714b69209398c54d33126162e3b2b962ed003d2063962541cbe264cae140b972dbf7310c2851c1a100f1c3e12a2fb7e42e546962c337d6141cf1cb399bab5365c97ee1766b7a50362da7038613363596376c5d259853b6c706d55153c17f119530a192fb0aa1c56a09ad3fca58963636b5074de3a92856aa6a416c33133563a2eefa136a00760fa92e82699104d3d78c996916365b95b4d6efa1729ab4aa8a5c0a482cd5fedc30e52d48daf1fb1b9e6eeee36fb1b6f73b2ad7d6d3be2966d82cee5aa2ba794cae56f8246f1b7ed793b772972cfe65a6ad4820d78e188ca32b63eb9e7bca5cbbed0df79adda03b8f31685bd938ab768a3067b0c5bf15ca6bc3f14de7873c72f59badc78ab1ed5a5e5b5dddadbb66c5bdb9376eb6e0953a815ae22ba0570967866f97a9bfe5ef3fe8b6d7ec5db5b8dde8005c02a1b4876069ca9d5ca6d974eca5a4b8e157a455529c0ae63e04e52a36463873c7e503280302204520202024110148030148081101010244b04c0404040404040404040404040404040404040404040404040404040404040404040404040404040404040404040404040404040404040404040404040404040404040404040404040404040404040404040404040404040404040404040404040404040404040404040404040404040404040404040404040404040404040404040404040404040404040404040404040404040890040980942048813204098081302a60ce8d4c78ff00940e4f90bbdc37ad5d2156d76cb3034250f104570c787c38c517ec36a836af66f284428f6bb43f0abe66bfdcd5a981e5ff0073fcf9f15ecfdf0b8ae370d67b619013442423dc0461963f74ced786b59cbf30f94bbfa7b56b4daed5da1bae481525c02a280600860686630e8793bbb555d9fe96f9bb72eedd1f72580565bf8874503f08e12558e62bb973a0e3cc73a6621a55b9b5729420ab61a81e04c44b32c6d6dee3a3e902b640a2d3ea199a7f39bace145db95b402749a924d738895429d4a2940dcb9cd5658bdb35e44e40cb2a55444d32081216a0e580ae3022076bda3bcfd379555fc3794afa5462279ff635ceaf5fe9efebbbebbe13784904e22b871c4cf89dba3f47d7b65ed3617c32850c00a73e33cd86ebac9709e9ad40c47a1af19962c723dde973fe296f2d7458bc1ae11905714a90385674ebe3862bc4ecfde5b2da6f9ecbee1ad203a59dd4f6ebff008b19e8bd36ccb3f9a4b8af4c7cd33d90c2e2b2b0d41d71041e2299cf3fa3bcda5785f79fb9bcbfea1763e28152c2b7b74312b5fc29c01e667afa3ab5f3b3cfddd97c4785bded0f35e4373ab5b5db970d5ee5e766a7324b4fa1a7ed6bacc61f37b3f4b6dee72f61b2f1cbe1b6888d7cb3aa85d295a13ca93e7efb7bd7d3ebd3d23df7ed6785df5df28de637886da5b429b5b47ea1ab373feac266e2276ed6ce5f54bcaa4b1c45733ce62d79f56b9042e001a61506b87a198ade545c515e3418f291b8d5ba472ad7972f9ccba46a3dca2b29007aaff8cce5b93973f722874aad148c48c093c61b8e4ee0501e15c6557277606b002548a7f5a99b895cdbd6851b0cb1f999bcb1639dbcc134d6a2a71e4309d75f2e5b3cd7930a78d28c706c461854cf575bc3dbe1e6b71b0b809254915a0ae75e33db1e0be5a0d68b39d24d72d273a8c384e91cab028a8c7bca469fc191266a3352a8ee0301a49c47251f3e308dbb682cdbd2f5228490391c70f5ac995c356ee8d75a5411f501427fc2546e5ad93dcdb35d425517302bd44e4a071f53336e16468dd57170a5007181ae5eb3512b175fc0703aa943c0c0b6d50e8b789d6f465ccd0114f581dbf25ba53b40a090e49d642d2baf2a93e8b31ab7b38ac43057a801a8ba4d3809b60d1a1802ba699a918572fb228d8db315b9a40a56ba05703438898da372b7c3f7455856982300aa72cb9091546d5ec0bbd79006ab5e58622482fef5bd2e9657a5d7a853261c842966f5b2014526ea905a872047d508deb8bb3b9b4da85bc6e2db567bf69852a58e0a0838e5f385c36bc17916f19babbbe74ed6e1d4dad992406b68e41b8ce9ff00a95182af08c97553e6b709fa8eeed0f4df0439196a04ab10b4aa6ae52558fb56c3da5e6bff00886c3c0ed7696f73bddf58fd4dfdd5fba54edacdf341db15a558613a6b2e1cad9977fdafedcf70784b7dbdca2f93dbec8f6bb7b51a59abd5aee2bf502b5ae9fa4fd59cb35c26db65d9f15ee5f17e73c82f905be6c6d76eb72c6c2ddd051aebbf4dd707e96ca984b36ca5987a7b56b4585aad5e83335c6bf7facacae5002d06254d3e3032c200ca22020440408904c0408813020c0080302204896098080808080808080808080808080808080808080808080808080808080808080808080808080808080808080808080808080808080808080808080808080808080808080808080808080808080808080808080808080808080808080808080808080808080808080808080808080808080808080808080808080808080808080808080808080808080808080808080808080808119c810260250812394099020488081302ba055663f41a961eb940e0795f2de1adde7b2779605fe947b45d59c2310c0695ab0229857085c378efd3b6f72da1b86f9a2a2575390284afa019b540f5847ca7f76df73bdd8dadbb037af5cba2c5dda29088b4a2a2b5313d6e1b16e139ece9a3e45bab165fcebd8db95aecc2bdfb831eadbdc074b7035603018434d6db6cf6bbab7e6b7aea5ae5bedf688068972fdc66626829929e989e11c436cbdc35fa2dd4961c541fe7e932dc5c7637ae6d4ef5956cec94916509ea73cc28ce9265a91a86e97b47b56ca50749fee5069fce6b0cb4cd0a16c71c1a94cab3518aa9569552713c8cd32c6ed3561112b06186a0283d4cd4463f74a321a701f79906385651925d7b4eae868e843291cc496649b61f51f6cf945bf62d5e07a2e0ea15c88cc7db3e47ec75e387e87f57b73257d13c4ee81418d01ea1533e6efabdf2bd1ed9c3104fd40f2ce73f0cd6c6e0a0b2ead4646054ab0a820e6a471ac6599cbe29ee5da58b1e5f7160583fa563d2c9895af023889f47a76ceaf377698ae6f8edbef763aad6c2eb9b0c6bd92494c73a0397ca74decdbcb9e92cf0dfb563797efa77c05a9e0673cc8edacb7cbd5f8ff0b72e5afc938e44e35c794f3edd8ef8c3b7e2bd8e2e5e17b70ba989a9aff8ccddfe936da47d03c66d2d6ced8b68a29e9eb2c79bb36cb75d864062794ac48a7580b81e9391e5256b0d7bce298f1c8729cdd246a5e26870cf126bc232e91a370001b8539ccdae8d0dc38a16031af1387c2469cbdd30c00c699f2962b997710c48cc90b5f49a8346ea922bccfd53718ae56fb8814cfeaf49db471dde67c93282c8d8906a169f3acf5f5c787b7c3cfeeaedf73a51aa0606a694e20d4d27af57876736e2dfb770311a1862acbc7d6757145e7fabbc45d72281aa59811c6b59a8cd45a6b76cd5833531a0033f818a919ddbed72941db519060493122daa7b76c852b71751245cb75c401883f64acbb3b7f2fd9f1d776fa46ab8b437680951cc7a9e1318cd75cf0e3df72d6c3d2809a73e159d2473b54559b8d59452b08d9f1a3f3dae3d0ada46735c786126c6be593eeae3a966a69a8d4a32e5c499246b396bb290a0363c48f8f032b2b2fbe285c12ca814b1c2ba4507dd0b68b78be34e9c315c4a9e0deb18237ad61447fa09a8f9e6262b6bf669b3b96aeaee15fbcaa05b602a0b67d597dd20baeed6eed6e2dd7c030aa5c143f50fa4e992c595adb9d4348b7d0461a4644d73ff00ac2bd36c3c38b9e22c6e2cb2bdfdc5c1696c003bad75d8aa924534ae15038c9832eaf9ff006c6df68a4edc76ed5855b2f7b7045a66bec7a8aa2eb344e38e7eb2e09b381b9f6f6eb6bb3fd6dd250b5c509b66560ce1b02c39693f50feb260f67d3bd9dfbbdb7daedad6d3dc37efed4dab5d9b1bcb09de6b813a025c4035ae95071071e559bd76b18db57d07cced775be1b5dfecf7d7ff0047e416d2ef2c5b62a6fd802aaee2ba94aa60c01ad0cdb11d4bfe47c36cbc793e5ed76367b7c116c21b8b70ad1556d228d7a81c1405a7ac23a5e0b7378f89da9beb711daa00b98b25ba936d6eb0c35e82357aca8ec28a8069eb287181302200c088080809020204405202020440912c1301010101010101010101010101010101010101010101010101010101010101010101010101010101010101010101010101010101010101010101010101010101010101010101010101010101010101010101010101010101010101010101010101010101010101010101010101010101010101010101010101010101010101010101010101010101010101010101010101010102240813012840910264081220204e10389ba377c8793bfb0175ad6db6fa54f6cd1cb950ee4f0c35051cb181b7b3f05e2f64b5daed6cd8ff00dc296d433531eb7fa9fe66172f0fe5fde9b3f6ef9edff86bdb7dd6efc8204bbe1fc66d13bd7f7766fd5815618225ab9557d430c318cae1e0ff00729fde7bc4f14fe4f69b7f09b1bb705b1b54bcb7f72bf980bdcdc53a52953f8a6368d6b878bf01b3b5b6d8798ded9b85df737cecf66001a6e2b5d20bb578285ae1c64cf0ae36e77d6bc4790f2fb10faf6a6f2a31146476dab96b6d852b435c6b4a1922d72eeed775676e8fbab46ddcddd6ea139143c699e2738da35141bef8587048ae9a82197eee12616d577d59a8556809c1ab981fe1112c69dd6cc834d583818548c419d231540a86af3e32b2c6e7f1f0962561c0cb111512a0203e30ab2ddb56b65ab88fb2925ab23b5ed3f28db7ddfe95cf45c3aad139071fe2279ff63af332f5fe9f77aed8afadf83deeb00af1cccf8ddbae1f7f4db31ec763b8269a5aa301c84f26d1d2b7b737bf2ce9ad29c4fa7a49123e75ee0dad6ebdd614fe73d5d55cfb665cef1fe3ee3dc6a033aedb39e9ababb5f16c6f50f0197f59cb6d9d66afa17b67c6aaecf5b2d08e39f1e1394e59ecaf436eda835e3c30e7357571b5707d24533a496e130a2e5f209198fb23d9af554370b5209a0e1caa4c995f55376e9189c2bc3399b5b91aed748ea26a46208e1265b91ab7ef2115191181e7eb8ccb72399b9b819c8189190cbe32c69a57481539531c71fb251a3b82854733f87e32c1cfbb4d4d415232e5ea66b566b91be722d160b5a62b5fe73d1a7970dfc3ca6f0a90ecd8be3d471a567af57877715ee6dd6ead57552a2872c38cf4e8f16ed6ee20b282e1ad58d0e642509d3f6e53b38b456d9ee0d40e9c4b1e4a72fb674f862f959e3d6c1bac6f21381d1cc9e46997c64a91b36859371f0636891dc2300be8a4e38c99ab85f7b648f62e5db29a001451400b53d066632bead4b761ae061694b301518e7cc18c96356e6e19a96ca2b68268082739ac32c56aba801a5f02cbf0ce0589735a3e4af4046914a80711f64119d96ed1d551561a698600f3278c0ad8052c73763524f2f4f8c0cb53b12ea4855e598f8839c0b76d71cde18290d5cc50e58e5335655c42f6fb971bb76c9a5bd44b166c40a01c246966d374ab6eeedee217aafe593f5020f03c24b172caeee1af5ab4a18e94aae82c582f3fe0486149bae73e756a71f4ac8d3db7b4bc97897f1b7b6de42f1b372a1b6979430366e8208bac5412ca3101799acbab3b477b7db8bf76ff008db7d9b7bd6b08f72cdcf22f706dd58b02d792e00a2e8b6574d056a49e334cb8e3676f7fee77b6be5ad5cf169756eeff00ca8b4cb64e96d5a2cdb63d7435d230539e532dfc3abe0fc2783bfb0f23e63fe55b69716f5e1e22ddd65ee76d6a75b9a692f70e94a7ac4896e1f64f11e39fc2ab6e9eff007ec1f1c0de5bc45a44b8ca0d2da8c47f683ca93acd70e76e5d1f6f85dced76fe4b7686e6f54b2dca0d436ee9d2caaa057867c6225772deb378161d0dd5a8d6b96543f86565b42a298d6a69e928c8c0981101022020202408080808106044040912c130101010101010101010101010101010101010101010101010101010101010101010101010101010101010101010101010101010101010101010101010101010101010101010101010101010101010101010101010101010101010101010101010101010101010101010101010101010101010101010101010101010101010101010101010101010101010101010101010101010224081328409c20488090204881301840e26e4b6c3dc2bb9207677a85548c0f730d68df1081d4fc440e9dcdc5b6570ae0b85ae9cb03862207c8fdc5e4361e0f75ee5f71791b876de7fc779243e26e68372e35a1b646b569828c6db82cb7172d2dab35ac99c36f11fb87fbcfedef7978eb1636de2f71b2bbb7b88faef94b9881d4aa5780343d533b5cae930f15b6f3fb86b0365b0b7737172e5d374d920bab3ea2f52a29f4b1af29991a61b1f0db9bfeeab1b3f2d696e6f5f7696f71b2c16da97adc7d657050b999a895e8bf74053ce5bb214adab366ddbb7ab4aa8a54b680300babe9a1f9cc6de5ad5e45176cb6ee25db66e5b5fc56d88a8e659b0c24cb6d67366e145500aa81400fae479c234372ae5994d14ae14190a1c7e66748c58d472694c9794d30c1dbe72c4ac32ad3233495001388c8666323214e3ce4018104e201c440bf7766d545cdbea369b0151c64956a805d1c32f4ba9aa9e444b794970fa7fb4bcd0dd58b77060e7a5d7938cc4f91fb3d78afbdfa9ddedabe89e3f7bd0149a83912309f376d5f425746eef014e14a4cc8385bdb3fa8ba0042c49a00332675d786366b9f31ed7f16dd8dc5f37f70a7f3176eba829e2198902bf09716bd5d5fa9bd99f0dfb7ef6f696dacb5dd96c6f6ef7207577a8aab4f856b9cd4eb9f2dcfd2df3cd91ad7ff787cadb5d16b6767f4e07d2ab435397f8ceb38f8749ff008fea9cdb72eb787fde1f1572e0b5e4f6e6d039deb04b807d50e3258e3dbff8dccce9b7fabd9ec3dc5eddf275ff008fdf5abef98b55d2e3ff0029a19c36d5f3f6e8ecd3ff00b446e2e042541a35680ce3491a8dbbb66a0b552bf50fbf1e72b7860f75dcea26a180c0f218610aaaaf95486c87ca46a35ef06ad49c4e75ce66b71a57d88a0cc0c48cab49a5686e1aac7e3c3d251a97012061d75c3946473f72ea15abc7e951961c674d633b57137cc4da646a31f43fc633d3abcfbbc479562775710b3220a050090a4666beb3dbd7e1f37b65cb997101c99b47e12c093fe73beaf36d153db230520f0016a07df3a462a837ed83f980bdc34cc9030e15137872addd96cac9b0dba65296cd42aeac491c80c6925ab86379addb4d4eb529805e05bd440a5b7aee8cb70b31fc2aa42a8f89e32e13d95ed37efb6b8b7002749a12a7498bae49b37bc8ef769e46e0bf6fa6e11d68d6d51aa3969aab7dd262c5ccae7b5b645a2ae9d4456980c3ed9654b116ed82eabfdc6b507ed9518ba926aa01a1fbf87dd033b838e1800eca30ae102540068c748600a06eaa7c0fac8b1b2ae9db014751cc914000cce18ccb49b7a6f12ceba6d2e5863e9a62f091576ee33b1615af2a5072ac96b5272ea5ed9b5adadb572ba3eae8143433396b184ec36fb2bccadbabc2cda5a8722869c80af1320eca21f1572def02daddec2c3adc5b5788537ad934a10a6a3d40359644cb5fccfb9af6edff0047b5b17f6fe1940ec78cd6d7116875160e465ab1a65c4cd248edf85f6ffba77be32ef94ff8637bc35bebba6eb8b1b621052a6a43b15ad7098f5addda78656369e6ed6d2d25cd959dc78bb84ee5ed5d0ca2e045d2adac75284c4ad38e26254b23edde03ceeeb7ded2d89f2db66daddbfb4b6c376c56e2df65c6d9bb70806db5cd141514ae159da570b39e1d53b6ddf8ff0025b6de78e616f6dbeb6d7cb120206600bda75cb1e970d9eaa8947a1d9db276daf5eab86a6e37a1c42e390c6565b415076c21d233d398184a2c5199ccc099025110102202024080811010102204e1002582602020202020202020202020202020202020202020202020202020202020202020202020202020202020202020202020202020202020202020202020202020202020202020202020202020202020202020202020202020202020202020202020202020202020202020202020202020202020202020202020202020202020202020202020202020202020202020202020202020202408094204c0910120409194098115e502bbb62dddb46cdc1a91fea6c8d7983c08e128e5ddd8f94b15b762ea6e10b027f520ab045e0aea3eaae22a290af15ee2d86c773efad9daf33b7fd1d8f37b0b9b2df59bcaaf62fdddb906c6e2cdc52545c45b847550d266acf0f01befda6f09bcfdbb7f35656fdbf356edddbb6ee8506dddb76ae33212080ca1d01248af0e125f0b2f2f9c25bf21edbbfb71b9506c5cd6fb5ddda6d74af43e92a74b03f8978ccb4ed7637d67dc5e16eec47ffacb77606e2fa3d021dc10c8e13fd06da8a578d60ad0f76797bfe57c8a5cb96fb62d52cf6f554e9b67a4571e904e1499ad6ae16fb65794e9aab1d443f6cd40ff00c3f6c45cad162c59b45ee0a3dda55cd0114ff4f3932d61cd7db5c7dbdfddb10a96f4a95a9ad5ea005e7954cdc72ad2652d87e222ac7fd238cdb2c2aa08d42a695a426583f6c914256bce5837dd76c362ba451edd6aea4d58b1e3f081cf6460aaf4e9391cf2c31e52a322ada54b023948d0d70d280f0fba3089ed16b65c7e100b081d6f6af936d979116d8d2cdfa71a51c7d2670fd8ebf68f47eaf6fa6d87d73c66f8945c68c70067c5df47e834df8753f56da0d6a09e671fb672c72de5c0f747b86eec3626cedd8aee77819438c0adac9c8f539033b69d79e5d3a7ce6fc3c187a2820e343f6cf4cd63d3b77619dbdd5c00d2a2b8b53d22e9135fd8ac6e6ed558ea6a16a8cc8aea15ac4d0bdea17c880b50096c6ad43c4500afc66ff1b8ff00ca92ae5f2ce8c1eddc219002acb811cc823d666f53b4fdaaeeec3f71fceedaa8fb937931aadeeaf4c1b39cefebc71dbb26df0f4fe13f72ac6f2f2edee2d2f361a2a0934e55a4e5bfead9331e6bbc970f69e3bc8975d268b5ea5398e78ff94f2d9869b7fa8634c713950e207199ad4557af28032272996a342fdc620826b8e597c04aad47b878d01f4e328d6be75615a0c80970397ba62b80e0284d319db48e7b389bf7142b9ff772067a358f3f65794f22433fc4f5567a7478bb1cbba59ca0d3a8ea1d2062794f4697979778d7b84dd77150380af49e404eb1cb6f0d360ab78820a9524153f19d5ca3a7b276bcaea0d155572c30ae63e79cc61aac779b5665775fef269cc09a89639a55880547d44e5ceb2b22d84660198d0d0eae054ff23191b84d8b369fb542e085b773f08231627e1248b5acddd606e062c72a819fae32e22659db24b21500383ae8061eb80f4c645596ed136ae1b635162001e9ca4caaab8a75adcad7a8ab546181cffca69966adabfdc3a5b207f19032c0e007a991605d4955518655cc48b165c178da19e9cc9fba662d753dbf7366b7f4ee6d8dd06464b562a50add61d1714e00b2370381ca0767cda6c9bc7d96ab59f3028977664157176b425b5800db23ab0c572ca2c8b2d729369baf13bddb2dfd05372baee596a3075707120d69ca4cae2bd17b5b63e2dfcbfe97796ad15dd586b9b34b816e35b18e854254d1f0ae552b5c65959da36bd8be3fc7eefdf773c7ddbb616dee05c5da1bf5fd3deb811ab640d5f8ea7b7d59d259e52f87d53c8fb5bc578cf0db5bbbbbd6f7034fe4dedd6eaf5c4522a3b76518e96d58274a9384d59c24af397fc26ffc9f95dc7e9addcb7e12c84efed6ed56e5f097016b44035b481b1f96339e335bcc91f406deeebc8edacf8fdb78e36f63bddbdcb0db8dd9036e81c74b2adb26e9c474a90a2b3a473aecdbf69dcb166ced9376f776096fb2db7ba712b41cc1d2c08e19cd619cbb5b7da68fa704a0e8189a71a93f556117dbd40502d02d7ee8160c8544040408a4a1020c040404810101022020440912c130101010101010101010101010101010101010101010101010101010101010101010101010101010101010101010101010101010101010101010101010101010101010101010101010101010101010101010101010101010101010101010101010101010101010101010101010101010101010101010101010101010101010101010101010101010101010101010101010101010120404a102604c810102604f0818b300bf29479cf2be4b609e4afedbc8efeced991d058b17d85bd48e9a830a9c8e23e322b956fcdf88b256c2fbbf6f6ae153f96d76ddc00b1a861dea9c2991685795f780de7b8375e3fc7dbf32fe47636b74b7ddf6b6ed5bb36134956ee6e6d960a5c9144072931c91f4b7dcfb785ab7e31afedbf4e88112c8b88a55315c16baa99812a61f9e3df16b6563dac9e1efba8df789df5cdaee2e74b21daaab36d2f5b63524dcb5d2da79638ce76ba479dfdbc7bde43cd5bb9b9bf7ac5dd86d6e5ed8ddb408bb4b60fe6231c1bb35ab03c0ca65cedfdeb69b757b483f51dc6b979c0a806b5141ccd78614986da1bb7ec93a9833b75dd671875638509ae726173869ddbf72e0a31aae14515c01fe318c2fb2bb97aeadb550da548a115a134e73518da3519c95a374a8259e9c4f0af19d18ad764af5be05b1092b3862d81a83523889625646e16143c68390c0524c2b6cf9463b76db9b28aac12b71455fb96c150d53fdc0f50cb011846a5ba311aaa40a93c87a42b1d069531917f6b70b618a022d37d55e34ca4cae1ac2bce87307d66997d3fd9be5cef7628ccdf9c9d17073619fda27c9fdaebf5d9f73f53bbdb57a9efe0454a87ca9ce78f0f665e37ddd75ee7915d67a2ddbd2a3e66b3d9d3af0c7e4c3ccee77bda3a53338033bcd136ee8d6dbdef2172ee9d0da2b881857d674bd7ac79bf3f6db89311bcd6ee31d06c686a61c87ad49339dc45c76ed71cba7b2f15bedf2fe52bdd5520376c51549c33a719caf747bb4ff00c56f79db86fef3f6d3ca6ded77ef954d430edb17eaa06a138019c5eec7c3af57e86b9e2d73f6dece3b9ba96d2f35fb8e858aa1c14b542ea3f115f844effa75bff8f93cdafa3fb23d83e1fc55bbbbbdda2deddb85161a9d2a389c71a93c671eeeeb8e5e6ecead659357a6b88f6db5a15e5a69c0f0149e0a618a6e886ebd55c41c8099c2b1b970161f6d24c3796b5c66228310721cff00ce30ad5bd8531209fe52c1ab759b1a54d73f97c66a44ae66f2f501273388e3e8276d639daf3de42f80581cb94f46b1e5debcdef5ea41ce849c70c0cf46af1eed137191f52835a1a01cf9ceda386cd3bea02558501ce75d6f2e5b786a6a350c46aa61ab33f6cece0dbdbee6ddb20005b0cf8d0e624b17386e9bc2e02c0d54d013c0d663c3726635efdae86eda3035ebcce9c731353666ead462c71040071246156134cae5b60d8e0141a5c515a16a12b5f8fa48aacbdfbb4b76ed045415216b504e649e265f08b2dd97440e469b8f882384ce55b1b07b48585da1470750c403439892d6a1bcb645cb814ea18307341aab931e15a67194c3505b25cf6ce44976e24721e936cac4b62dda5b97ba7b95d029891e9337958dbdb35dbc96aca8c4554545450d4d29316ba46c6f2f6d6e0dba358097f6c08675041bb56a8d5f05a81e92cacd8b0ef379bff206e5cd2eed440f7892b6c7d3a99bd39cce5a91e8bcafb5779b3df6c365777162e790f20fdcbbbab774ee3f2e941800106acc2e72d49586ff006ebb4f2563c4ec55775758d6dde04adeef5ea26973c1adb540e12559f6f45ecedaa6df67bf4dc5bb57f696905bdf5cdda174b6ecfd3416e9735b95e864614600d44ba9b3d65bfdb9f78ed113caaf92b5e5377752ad6375700be8cf8802e31287a3e07e735e8ccde3a1ec8b3e6acec2fdbf236c6d77f66eba14ba3b96cd311a97150cab883f3c6354db0f75b736773da7db583716dea26d80535ddb82858e03a1571f8cdb9d7a1b48e01d78be45abd38f01f09a45c45315c4f2e102029a50fce065208128481020ca10229010101204040880808012c1301010101010101010101010101010101010101010101010101010101010101010101010101010101010101010101010101010101010101010101010101010101010101010101010101010101010101010101010101010101010101010101010101010101010101010101010101010101010101010101010101010101010101010101010101010101010101010101010101010101204a10260204c8102440980ad040d3f27bb5d96cefee284ba81a682a6ad80a081e753dbe96113cbd9b097fcb1ab6ed6e8d4dbbb55fa75bd7f31334e198a42e5d8bdbff0cde3937d7425ddbdcb82d2a3d8b772e3dc7cac0b6cba8dcc705e328f99feeef92fdc6f0d6f61bcf15b2d1e22b70dd1b3b0974ecc9e9d2511496b8e99dcd145fa47398b96a61f0ef157f6ebe58bef3c7eefcd35fbddcb565cdfdbee2e331a32ad35664f0c665b75d7d85e7fdd89bef29e37c5d8f17e37c6d75f8eb979ceeae32115b773512cbabe9d6683e72c896babe53cc782bdeedd8ef7c0d97b1b2b3e3772777e3ddc59b965edd9369f6f5fee15d34383d2a33951e57c814b1776e883adacff00dc352805cad3a673ae91a173689b95055c28031071d7f0c2b599cb58c8ca96bc7845b4b72e25e2ef7806ee140ba45a3fe8a82d967359ca58d1db789df790d57f6f6a9614e8bdb96e9b285816452ff486343a6b373873ae7323b5b375016d22af5ce9cccd2560aebdb6ae648f8521189ed91520d380819d9b6a05cee128680dba0a835e14846208d74a5171048e5023252b965f6565566ca0ad46056bfce405bccc8c8d5d070189cfd630286565c181073a1f5ca6f2cbb7ed0f29fa2f282ddc3f93b9e863c9bf09fe93cdfb3d7edabd3fa9dbebbff77d3c5c252b96a03ed13e458fb72bcc7baf6772e5b5ba8e533d4453e13d7d1b49e5c76d2dbc3cded3c6ad4330d4799e024eefd9be23ebfe8ffe375bcedcbd36cfc3ed9d13b940cc8d758814a2a1a53ec04cf37e4b5f5afeb693e1b173c4fb7ec765ad3bdc6ba5f1c01a00a548ff00f684cef6d8ebd3a4d6f88ee7b77dd363c20ba9dbd49ba5476ba828d80d2d4ae20a9c708d37bab3fb5d33b319be1c7f707bab7fe56f0ee5c23452daa212a18070d56fb05394b9b5ca4d34e35f2e87b6769730bc00b680a9673c4afe15feb176c4797f6379acc7cbe83b7dc22d9191ad70e18e2701ce79b6b97cdbe46dcaead4d5651cf0a7a01318454cc809a0c29c6b5f80acb054e4052c3e81f887f4a45e5635eeb91c813801ce1a6bbd294e606a26069df6d2a4e1400e7cabfce74d633b570b7b7c026981fbfee9df58f3edb3ceef6f02cd4359e9d63cbbece55dc4fc66e38d6bf6dfea137962ead7dc5bee5bb95a9755d60d782e7f21c676ebbcb8f64e1ceb6f6ed5e1a85549248f4e467a70f24ad8dc59da35d1fa50cd64afe5a1fa839c81a6749255b10afd8c33a101c530c783498cb5e1d7da6eed3156b84ad0d2ddc5c4d7fb5ab98e5316352aaddf8fb04bdcdb91a9c12f640c0f1a80659b258e6b5d74720f42715006598ca6994a6f45b56555214e673ce4f55cab77ee542374715f49670994dbbefa34818fd23963162cabaedd0012492b8815e3ff00599c359616ca0720b15006273ad2561b3b8de26e9d469d75035d450ea269d21630acc5bb96919593b454e9a135c44c56a56cedff0053fa7bac12acc40bbb8a5428cc2a1cb1fc52558dedaec2cfe856eda2ab7c162759142062c40c49691a917a6db7db4f15b7f356b73dcb975b55916af537160034ebb743404895322a6e5f7360eec3addbafad370150935b5a955402010452132f41e2d7ce7884b9e37b08ff00f2082f1b779182dd442091cd42d2a3d64c55e2becbecdf7a78fdfdbbbe2af6cfb1bdb401db85037169ce9ab69bdd41a94aad7120633aebb7c38edafcbd56dfc5a22edd92e56c20fcfa901ae026a0b1c5542b1c87db3719761748b3a92b504635e24d38ca8b46175a86a30cf9c833c602041811010101288808106020202408080811012898080808080808080808080808080808080808080808080808080808080808080808080808080808080808080808080808080808080808080808080808080808080808080808080808080808080808080808080808080808080808080808080808080808080808080808080808080808080808080808080808080808080808080808080808080808080808080808080808080808090250813026024134808130072af2c60723dc77553c7da06a4dfbca02ae64ad5a8290b1d0b6a4e9b5682b683a031c50d3020019d292a3e61ee9f746c7db57f69e6f736acb799debde4f1fb75ba4dab7651ca84b96d89a2dcd3d5757a8360301498b70d47a4f09fb8fe2fc826d5cb76ddd80b77118142596b4561c71a157025f62eaabf74f67b7f29ecade6fd1586f3c4326ff0065b9526ddd5bd69d4d15d7152c30976fb22bf0adb47fdc3b5bedb2e8b3e77c19de793b36cab20b96dd2972ed300cc49079c23f3b7b9ec3ef7ce795f39b4b696367b9f23736db7dba74ea36c57569392578e418ce4eb147bb96d1b1b4be3bd6b7ea8b63ccecafa68b9b7dda5476c5b06bdb09a4a3718b175bc3536de34bfb7f77be7bf6ed6e5dadad9b2e8ed72e2ea2b5b4f5083abeaa893d4cf2d6d95e1fa26b0a05cdcd8b86f004f4945421d58e187f39625ae8def71edb67ec14f05b6b8d7aeef2e8dcef76cf5076d72d9a9b96f4d2aae0d0adc1d245419abcb2f2776dee12c1baa08b04e9d78d0b11ab48f963296296b40908083415af03c4ca9862cc2b4231a507f940cd02f683392a35d0bd38528687d2132aef5e0cfd23a5705f84b2194e0d6d7a08635a39fa4d3948a9a854d246273afaf080eab7424e0e2a06633813b8bd72e9a1a315e3c48f58856b82cad553460703c8cd7965f4df6cf961bef1c8d70d2fdbe9bea730c067ff009a7c9fd8ebbaecfb5faddbedabab736cb7518310c1c1041e5396bb62bd163c8eff00c5eeb617db37db927438e0393729d2eb367b7a3f6eebe16d8dcb01892010141cc531069f23395eac3e9ebfb9364bdcd6400c48e02986231a72e727ad6ef74676aceeae0544562a322791f5335348e1bfec5fb6fed7c66dad9d5b8ba19b8db535fb5a2bc97f6e6be1dddadf2da52d8011700b5a0f94e775796f65dae5e8366d71a84296233504d09e18ce5eab974d2d5e1f528523023991c39ce55a4bab101694ad69cfed915532ba6000a0c850e1f281a1b963a8ea3a71c41353f699b865ad7aee9fa8d0d70e23196432e66e77550d900394ebaeae7b6cf3fbfbff00511405b2a7f533beb1e6deb897d8e7c67679eaa5b258ea3048c9ec695cb2189f8c17572f786ed975b968e97b4da95e991f9cf4755797b634afad8be9dcdba687c4bd914014f116ff00d273a709e8971e5e4b33caa4ba52cd35b015ea4183547ad2a26914bbf72aa805b4cd501245694ad4e24cd44adadb6e02353356a8233f84c58d4abeeeeddae25c06a4ad4f0ea19e53386b2a2e86bcd551518e1e99d66a3354da42d4534009fa88ae3c22d46f78ed8dadceec5b63dbda5beabce0756919e9ff0051e125bc35236f749b246d41745b52745a06a6a4e0a5b8d07d4d3196da3de5baecaa85ab500d298818526d8cadbdb4362d5b5701aa359208a8d54a659579499165ad9abd9536c16dc061a0291ce9f191645f6d2f5e7747ccb75b530d43e12351dadb78af216f6ebdc02d6afccb0b758a07031e8ad147fe6a5708912d6890bdd372c5b366a43015a691c8d7ed99adcbc37b67bfeced2eec1caa586b81dee9a056623127f0b52b8560c3d078ef0db33b6b5e76d85bb6031b56acbab25ab295a55eebe77582d152da39e134cbd16e7c8f9ed8efbc6379bd1b8f23b774b9b3f6f6da9b74db6d85a61f9f77a9919815374b934ca92ed5991f48f6a7b22ded5f69e6779bcb3777a435dd959d882364a2f82cce19c96bb734b15d6d801909bd631b6cf7166cd94b75353a9716a70e134c2d4a32ae190a65fd251995a0af18135ae320718039c0839c040404a220202044040481010101012c080808080808080808080808080808080808080808080808080808080808080808080808080808080808080808080808080808080808080808080808080808080808080808080808080808080808080808080808080808080808080808080808080808080808080808080808080808080808080808080808080808080808080808080808080808080808080808080808080808080808081302640812204c008130395e6fc65ddeedaca58744dcedae1bfb33714b28b81580ae920e1ab310b1ccdaef3dd9b5b56cdddaed2f76d349b3699ad3547f6b37717ed8e47c27f763c63fff0021dedddd6c6f78fb7e42e8dc6c9ae95bd675229efdb4bc84ae1ab50186359cb675d5d8f6f796d8378cdab798f19736f6b4764efb6566a9b945a2d52f5ba28baa06a2aff55292c85b86cf93b5ee0f2b62ef82f6d3dfde787dc840f7b7e86ddf7a75e8b068adda6e2cf80c68692e1333cd74bddde4777edff11b8d859ed1f79f9cb1b7f17b1da78e0e6d6df682acb6999b17665d46bcb132dacc79cf31ec4b49b1f13edadadc4b7bbb3dedceeafdd074dd2960de2d5aea64e9abd06064ab2bc7f974dffb837dbedcdeb34dd58dba3debf6704760c2ddb2dc0541a56b97c262f2dce1c4d8f9bfd222edf756cdeb3b62edb657a56ddc714656073434a8e2a71c6252c72bc95cb4bba77d99203286bba7050ec3ac25325e5348dff3ded1f33e37c478ef3bb8b16ed6c3cd30b7b4d37835e72c82e8d4a093a59789e39d26f18627963b8d86c4284b379ded68436dd974d2fe81dcb5a46181c2b9ce796dc1dcebb57cda65d0e868dce6e3355aadb5bea2f6aed54170b8369e34af19519ee3702eb1289a50608a3255e518158b55a62198d2abf1e102c60d7022e9ea5255989c093974e4b41032e877d2ccbaed83aab9350533e7030bf6d069a3d5cd0003203d4c087daee2ddbee01d0736e1193185230a122565d4f6ff00996f1fe495dcff00dbdde8be390e0df29cbbbafdb577e8edf5dbf87d3b6b703a60c31c411c78cf95b4c57d9d6e62c65424935a9e1fd0d6594c34efedb6c01d3b7b458e342bfe12fb56e766d3c38dba4dff0073f22c85e4400a04e92c73dfb7b2f8ac2df81f39bc3f9b7cfa22d48ff092f6eb199d1bede6bb7e2fd9dbc1a4b1b8fc6bc273bdd1d27eb63e5eb3c67b3f745aa41206432ace3b6eeb35c3d56c7dbfdb0148c7e55f90ce71b6ae636aef8dd2a43542705c713eb335a9b35dac2aae1524e24f1a4c5adc72b78c2ad42684938670d389b875566d23e9c294c4ce9ac66b9dbadd700016a504ebaeac6d5c7dcee401f7133ac8e3b571f7974b9f413b691c36ad1d259e825ac48dedaedb89194c5aed3537362830cce5f39656778e0793b74520634c4fc67a3aebc9db1c337191c5490b5c0d329ee91f3fe59bb9340eb98054f1c7d64c2e55ba6a5ee5069ad1699d797f8cd233b4ada4bf1634d3f29291b16ec9670b5140097398a4c65a916ee1ac2edfb5887c083c0c6ab56edd3b4f72d9b36aedc28142dd274e59215c98703264c29ef38565c500a02a0d4d795630b95258b93acd064c49e1c01ff2970cdb94d9b3705ca01a978f01f6c5a6b1d16b566e585ba2e15ba09d1b54b5a9405a50b383420d7e5c622d486ecad964b6c97cf5d6b853fb968389ca4a46eedb681bc7dcdc5d674db6a1a9b1c2e570c8d4e559076371b7de6d3c7259b3bd74da6f80dc6b770c8ce818f61350e923f163c84d7c1272bbd9f7bc2a5fbdb3f2db5bbbfef91676bdb1422e1150759c14fc784c46ab78fedff90dbdbb5bcde5e1d928d7b6e348b8bac31644b943806d39e5183db2ea6eb73eeab9636fbabf671d9a2ffc56e76eba76d683b51afb1b9f5dc6a8514ae91c339498cbbfb0f03b0d9dfbcbe540def97d2eefb00ef6ad14a0fcd72e19af6b3f597398c165c3397d0765e6f7f636be23b77ecf7f76d6f6fb6f176ed8a5e0847705a62da956d20258d283e73a4ae763db5b57d015a848a8d5e95e12b2b79fc6041e1f181038d20202045466650a89020200ca220204180808090202020258101010101010101010101010101010101010101010101010101010101010101010101010101010101010101010101010101010101010101010101010101010101010101010101010101010101010101010101010101010101010101010101010101010101010101010101010101010101010101010101010101010101010101010101010101010101010101010101010101010101204a102600409904c040980240cf3e5c60617188ea20d3f940d7bbb8b608d56b5302294a6a3cb0ff09470bdddb1d8f95f6befbc7790b0ad6f7d4e965fa195a88f6a952ac99eac38933356797ccb65e03df3ec3d80f2dedfdc3f93f6bef1d98597243edadeba5bbf7551589078b20cb3924b1bce5d9d85efdc1f2f7ae5ef11e6bc26d36a71bdb8178eedceba9abd954427490748fbe909711daf6dfb1bc2f80b9bbf2af7eef98f70efd4aee3cdef4e92ab4a1ecdb3ab420a5695a9c89a61358c265e33de5b9b9642f9bdda0b77b73b85d0ecc3bdfa5b950da2cd2a7beaa5891850a89cef96e47396ef86f177f79e577fbbd901b836c6efc7daba8cdfde8a9615981ed605ea68710318f095f30f74eeaceebcc6e3caec4a28bb7ff26c282c5b8ea0a47fb7c81c692469cbf1bb26bedb917876cb06b895e9434524aad78ff6fd9356a4762cfbb771b9f6f6c7c46ed3b963c4ed373b3d9a8a105f79795bb9420d1ad5a52b511b5e093972bc6ed16f59de25cdfa58bbb2fcedb25c0c5afbd4608541eba7f74cd591c87b875ee5ee0ee5cba1a85b1a1622ac3d66e315d0f17e137377637bcb6e36c6e6caddbb82d33542b5c5195798ad44b6986ef88dbf8a5f0172e5feadc35b0ef5c49666a2aa7c40c794ced48e25c554bc349a85ea2444bc2d8c3737017d40d2b87f9cb115174735d3a0a801540c0d33afa99a45c52c36d90027ba31ad6a29fdb499caa16f0d2558d2df15c630b95370a1344141c2b861352336abd634e99708f71ec9f346f58fd15e6fceb14ed93c5065ff00d33c1fb5d58b97d2fd3eecf15ed517bab98e1413c35f4758b2d78d7bae02d4e3317b1d268e8edbdb3deb815803c083395ec74d7491eabc7782dad8515400e670fe733ec5af45b1d86cca74a034e53a6bcb86db574aded2d28aaad39cb6397b564d6ed227d3d4788a61f399db8599ae5ee9c54d3e9ae79e5f09c6d77d6389beba9ab503c28bccce6edac79ddfee421605aa4624ce922d70771b952683e95380e267a26ae5b6ce6eeaf024d3e667491cad72b777972e1f844e9239dae73d58cdcae562edaed4935a6133b574d74752d59e8a026a70029395d9de6aaf77b7d16085c4d2ac797acd6b58df5e1e63c80054eaf9fca7ab4787b1c1ec8677ee6a08bf88750a9e14ad7ec9efd7c3e76f396178da2a141628bf888a301c65656a1b4406719f4e9e0a00ca4ab165b09a4e19e18f2e6262d6a45d73459b6aa4f5dc346029551ebfd224cb5711aacba8d4d495c00cce07d258c2fb3690a96bdacb9d3db6535518f56ae786525558fb1bddd64d2cba86a1867cb3932b82d6caddeb8158329196ac09a70a0acb94c37ed7840ada373bbb3619da86d5faa295391571aebebca0cba9bade796d9a8f1acb6592f27716fadc18a852439d07ab552807dd2f296213caf847f1bbe3bbb5645fdc6e01b3651ab7ad93681d76d14002d135152d81e065a473adddd5b4b5b555fccb25cb39c0b6aa5349ccce6dc7b8da6c06efc5dadf7652eecf6e836d6edd5eea6cedad45cbcdc58b5dab38e00f29ac70c6796a79af0f6f61be4db6c2f5cbdb428afdf4c3bce3abb8980e9af292ae5ee3cdf8a07c3a6dd5dec6eaf5a43b90540db2213452a78076ae0394b7c26be5ddf64f861b9f6cecae92b72d6b7dbeeb677d7bb64de52caee2a7890305ca6b5f09bde5d0f21eccdcef3716b71637c6dd9b616ddd7282fbdc02ba516e5c0ae16a7104196eb949b3d9781f6df8cf0d71af59b7dcdf5f402f6edc86738d5953001149c68a0578cb2619b72ec20016a3d6adf395190cbf9c011022902604181101014101410238ca101020c0404048102204c04b02020202020202020202020202020202020202020202020202020202020202020202020202020202020202020202020202020202020202020202020202020202020202020202020202020202020202020202020202020202020202020202020202020202020202020202020202020202020202020202020202020202020202020202020202020202020202020202020202020202024094204c09809048813014e7f6400006502bba8ce0819a9c0623d7ef8149b0c0211414354014135e54303cff00b82e36e7756fc02164b5bb53b9f23b8db9fcdfd2a1d26d22d35d6f5ce8c325d50b1d02dbaf25b37b7b366daec8dbd02faa85a81815b56f114005359cb85611cfff00e03ed80c779b2db1f1dbf7035ef76d5ab37f7dcb649566ae66926235ed5cff007259f7a6dac5af1fb4ddec1937ae36d6f74f6ee25cb76c8eb7bb6ea6dbb11905c22e4987911ec6daef3ddb6b7de4f7ff00f229b722dda6b8355b764608e4ea66764d5d22a7e40099c72d7b6231fddcf2bec4f03e3cedf6b62cd8f337180b7b5da259466b7421ae5c1a182db0c3a08a131be0d72f8df84f7758f0bbc1bcfd05adf6f012d6df76a8fb75538906d73ae4465331baf35baba6e6f371ba44eda5f2ee1509d2a19b5507a0c842577bc1edf67e2d37e7cc6d9aeef377b353e12ca0d6efb837349e9195035719abe132e21b77ac77d1e85d5f435c43550fc406e3315acb46f86a6aa7cf84e92b15f52fdbcf7f7b76c7b2f79ed6f3628b752e5bdb3140540b86a4863f4b578fc24da247cdf78b67677efeced5c172ca396b3754fd4bc35538d3ef8b32ad60b718eaa7a547a632a658310541526a316ae3594186dca8641a4818938e303055666aa03a88c7f81031eedc5536ce00905d4f3194b84618d30c6b2a605049a5318c8b765bbbfb3dd5bbf64d2e5a6a8c703cc1f8c9b6bed30d6bb7adcc7d7bc0f91b1bedbd9dcd96d4b700206641fc4a7d41c27c6eed2eb715f77a3b26d331ebbc6db571a96818663facf0ecf76b5dcb56d0dc0d4c462c6b9199574adde3a869151c5b315e39c658b1d1db5d5d59d4f0e026a6ce7b46e8dc83462701c8ff0039bf772f569ef37f8604d272db674d3471f75be0a8c6a680002bc673cbbc8f39bff2409c303c29c2b37345cbcfeef72e58e3ff008b9cefaeae7b6ce5debc698e7c3d67791c6d685ebb51a4672b35a3754933596705bdb1634fb4496acd5d7da6c88030a6588cf19cb6d9db5d5d2b5b31db06951c7861fce72f675f569f90db16c14614c5b8fd93a69b39efabc7f93b616e946015581656cf0184f775edc3e7774e5e71ed0ee16ad73c394f6eb787ceda72c7b7643d41242f53969bcb182d21d14c4002a00a1241e1f192d23736d61895622a2d86a0f502a666f2e986a6e816dc7d35d03496e0698d66a7873b7956b718386ad48cd84b81d2da0dbdcdbbb6e1ae23db05acba00e0b0182b0a8a0f598ad2d4dcef342b84d4ca74ad6ba581cc6332d475ec6ff6dda1dddadc1b82dd2ff882d294a8a6158cac8abca14da1b7718556eda60aca0a9ab0a54e19895186eedd8b5b2d9bec2d9efdfdafea3725568174ea171c1feda71e135632f7dfb7dfb6037b6365e4eeecedf925df6ded6f116e5e6b2880b30ed5dbaa0e8a2aea6e62814672c8cdaf15e6bc66df6fee9bfb4f197577d62c5c15b96496b79d5c21192a93499ad4bc3defb6fcbdcdadcdaec2d6db7373cb5edc5d4dbf8f3b62846dc5ba5b15a2ab0273e6c054cb19b1d9f6dfb1bc85df70d8df79ab17361b7407fe1fc23382d50fa8a11565556ad748270f432e13d9edb77edc54dbf92dc6e2e5cdddf556efda6212cadebca134db540a5aa0ae04e03e265c24aabc0f8f7f11e6fc8789d2b776ddfb7bab16c964757b88a2e5093a4f50ea5f5c0c4985dae5eeed8b3a0b852430fcba800639d394d30b6ddb5d7a945340a1c78fc2517216cc8f5f9c83380302204404088080808107394200c040880808090204409942020202020202020202020202020202020202020202020202020202020202020202020202020202020202020202020202020202020202020202020202020202020202020202020202020202020202020202020202020202020202020202020202020202020202020202020202020202020202020202020202020202020202020202020202020202020202020202020202020202024094204c0980904881300204c08231a8cc7de20637013461c48c7957f10814ee3c7ed6fdd5b97175950148a90aca0d406029aa87100e10362945a6187dd0310aca6b6c7493523882788f8c0f23efd7de7e96dddda216baac2dd8be083a6f07a8555cc9d20d3d7092b5ab9de5767bdf1d6f61e436bb7eef8ddadbef9db5b4561a92d1d1ac82ac0f5e790ae3255d797e67f297fc87b87cbf92f2fb85b97b73badc36e2f1b2a5c22127a540c7a00a01c84c4e5bbc2773b2f1de42f6dbc7782b4b7bb8426b059afdc72698bb955553c00514e304fe55f97f176bc5ef93c6dc64b9bcb3742eed92e25db00afe042868c17f11afa441dcf73edbdbfe06dec377e17cc1f2bee1dd14de2f98b5555b6ac86d5cdb1b7f81adbfd3c48976e135e5e46d1ddee2d9f1fb6b3dc705ef5e19b315ab31a71a493edacb6bdbbe06e7b87cfecbc3778d84dd3d2e6e34ea5b280166b8c0701496566b43c978bb9e3b7f77626e2ded0c556f2e0ac01a6a07d66b39670a9addd7d9f6136eada1ff003376a0924b7d2acc70e1846570c2eda7b2c2d391ad7eacf03f3e319300b2ddc2e174253162731264c2bb85780c58d7e53512b7fc35b609bdfc9fd4d9b56c5d6b6a68cbc05ccb109f887292a392c753122a791ccd26a02eac083a799e52896600b5284914921963a5c00c54e9391208069c8ca8f47ecef712f8fdefe9efd1367b86143f852e6418fa1e33cddfd3ed3f97abf5bbfd2e2f87d7bc5f92d0da49a039570a0e53e276695fa0ebdf2eed9dfab1a86039af1f49c30ebe5b43c95b4aa93a6b8d3307e7ce30618279c4d7f569238d7f9cbea985cfee22aba49cf038e1493d53d6352ff9ba9aab10388127aae1cadf797baecc01c3220cebae8cddb0e35ddd921bfa673afab9fb39fb8de2afd781390e33a48c5ad07bfa8d01a0190e72b0d776c2590a58b2cd520569fce36ab3574f69b224d0667e7396dbbb6babb9b4d8d07c73e7385d9d66adc1b3016ac280615e15f8cc7b34d3ddec95830c8624e197f1ca6f5db96369c3c0798b773bac8e06bb340b852b86048fe73e9753e6774b9795dddbbc97492b5666a0e2099efd2c7cdecd6abc197b6f81505945336f59b72c2e4b48b509749550ad75a94c0fd587a13256b57736db2dbaed81d62e691d6ac0ad1a86aa6bf1f9cc3a3cfee3173dc22a712dc391c2748e55088d7af80b5b86859f0a13418d04a8edf8af07bddcda5ec5a2e773705adb82082cc454d08fed5c4cc796abbbe4fdb17762e76a97d373b853db65b0dab53e5f96b4d74c69d4318b0cb817765e52fecb6fe4d95d76bde7da58b8ee090f60062ba2baa881854d2458ec5ff1de6b73b51b3dedd3b6d986ef6ded856b8972e0c3a5b0a0e34e3cab2a28f03e2bcadeb1bb41b0bcfe36e5d1b5ddefad5b6bbd940435eb768839e22b404638cb32cd7baf74161b6b8be1f6b77da5e39b4ed2fecb71ba25b77748071b084a205b635bb31f4a7096ce08f51fb63ec3da6cb6579fc95940dbd1a2cbb1d09712e283a1b1cd0627d4d384bac4db65fee1f03bff006cef76fbdf15bebbe57b3db57f19acb6ff00b16c56b648a96515c980f898b09787b8b4bb0f2d6aceef6e6974591705a7016f5abb9842a7aedb02b4334cadbaf68ef576372ab6ae38df6e0d18e836c8a5b6ae23f3286411bafccf70595dbba35d3fee3575036d930ffcc1ade4251dedb0bb6ada8bb525452828073951729d4d5d3a50d3f8c24170ad204c08ce02044088080808030204a101020c040404812840481284040404040404040404040404040404040404040404040404040404040404040404040404040404040404040404040404040404040404040404040404040404040404040404040404040404040404040404040404040404040404040404040404040404040404040404040404040404040404040404040404040404040404040404040404040404040404040404040404040404048128400812204c0482604c09808119540f88f8c07a8c8f0806ad3015813d47334f840e17bab666ff0089b66d81ded9dfb3ba4a82c1bb2d56520678708b16568ec2d3edd377b6b4aa36f76e5db9605d7370da57eb65a541e3515c867215f023e3ac783f78fbb3c4dbdc9d95c5b576f78abf6d7506246b6b4c0e3a5d1ca8343889cdd6d68fed3782f6df98f746df61e7350b0d6cdcb76c1d1de7181b6ceb8a851d5862691a4cf95db89c3afe6fdb3ed5d8f81f3de2c6d40f7378ff0027a7687fdc66b4ca0dab20023f282162e695ca98cd786679792f687b5dbc8db6b897ad5cbf70b6decdbba704baca48172b8a31a551867c266f2d65cbbde2ed6c8f98b5bbd4bbbb372cbedb00355b6a92e8df572a118111b5e2248e7ec93c98ef5cdb6ebf42cca43b9b86d16b678546241ca692d6a5cb772cee2edadd296b96fa480c186acc1d40907397091b767737b6fb26b66cab1ba752dfce8b4fa74f3f599ad469dda331624b135249ccfdb2c66c6341cfa45295e479097222e6e16ae2ddb15c839e03d01e7184ac2d5cdcdbd6a971edadd5d3702b10194e6ad4cc7a4d2336545db00685cb61e8070933cab5dcd40c3d26918b2b0cc115e0738474373746ec222328b76900a0c2814532fbe43cb52ed02d0711430b5eafdadef33656dec7c96a7b628b67743a9946415c711eb3c9dffad9e757bbf5ff006fd78d9f40daefc5d5ee5ab8b75383a1afc729f337eac797d7ebed9671caf7dfdda535e0387ace73474f756bbe3ab5139f132fa27bacfd6a919d58c9e87ba1b7570fcf38f53d9a5bcf2bb6b585cb8358fc23a8fd9373462ece45ff002f72e13d95d032d4716ff01373573bb34fbb70d496a933584486722b43ea4c5a2db567530a9ae3f199b5a9aba9b5da12a0fc8f11f74e3b6cefaeaeeed76a050100281d4671b5d6474f6f685032e467369b6bb723315e449c3ef99ca35f75b51a016a915ae95e278ff066a54b1f3ef736d5bf597885d2a08ad0e784fa3d1b70f0fec6bcbc9ef6c777a569aa9c48030f533dbade5f3b6d5cb65a36a5aab700d8d27a35d9e6df55fb7b3da626ddd1dec96d11830638804e04d384dd663a1bbf1be536bb54b9b85366d3229b4ace1ba0540cb2d34c8f09ceb72b56c6db6bb9dd584dcb8da59a8eeee482c429fc5a4667d26a335b9e3fc39f21e4059b2ac05c636b6c00d2f709274fa0ae64d6823f847a9f74fb05fda7e3b69be5f71dbbfbf529dcf1f66e7e6a8715d76594b2f4e455a5a9396dfb03ceed2e794dc6ff00ce11bbdb6dad171b97a26e0dd66074f7106b7a80452980ac6b57688f716eae792d98f3be4ec5df1be12cdf6b1e1f6b6ad165637751366d0ad352d3512c71ae12d48a2ff9df35e77c578ff1f7b63736db5f1b6e89ba3ac5d26b557a533519530e331ed5bd758fb17edbf95f650f0367c2fb77728fe476aa6e5fdab637aa3aae31affbae59aaf4c7d28275d6c72da383eeff006df93bb7ee6ffc2ecd3c8f8fbae6e5d1798b6e56f5a65b8f6eb42da0b202569091a63f74ff00702cf8b74b5ed0547b29d57f70ce9613306e68655fb2b25abead5f1c7f737c07913e53c9deda837d3f56ce97006bb708e83719bea4a10348002c929c3daf8af72f8af756c2feedc9d8791dcd2ceeb6c145cb82e2743862b8d0364c4fc259729661dcf6bf83b1e2bf54d7addd1bbbc75287b8f79859b60251431a52b89964c16bb5b7db81b905acdb5ed9ef2e8a603e8e1e99cacba41958865a957c49c721c2511a43065340b50430e241ac82e07a80e75ac0ca0471fe70101020c088080944520202044040404048102204c04a101010101010101010101010101010101010101010101010101010101010101010101010101010101010101010101010101010101010101010101010101010101010101010101010101010101010101010101010101010101010101010101010101010101010101010101010101010101010101010101010101010101010101010101010101010101010101010101010101010101204a102440718132040910244098118fa0800389353026020065ea3f940a1ed25eaa5c07b4cac97101a13ac50d7e46079fb1e0adec6f3ecec8b97ad37674debe750b696d4a8d4c349f4857cb3f7f3db16c26cbdcfe2585bdf6cc9b5be16ea4aa29d766ee915d214d4331c31131b4c72e9a5f87c76d7965f1dbadbee36f4b3bddab1a5eb6c1ad939a93a49e0c437398be5bfe1e8f61ef8b97bdf9b2f72f95dbfebeeedcd96de590d417936ea154a57f10d2080788966c975e1479eda792f165bdd9e22c5fb5e077976fb78ade551eedab95eeb58dc68fa0ebe63e11e138c3a5ef5f6f59f705bb9e6bc15cb57af6c7c76dfc8f9b5b6cc6d1bfbbeb1b4db80281eda6ab8cbc04d589367874db799f209b4bc762d7ec686d96d2e14d4296877182538db535af2324a56bef53c6edef6eacee6d5cb9b83682ec42af6956ed71ee231ae91e98932ea9b29d8210596ea33a5b15701b49c3d4c9b46b5ac37dbdb7bbdfbdf163f4b628ab6b6e952111401404e279cd49c33953708dc5deddab608248b66b46a7ac4e0caf1b726da6f01aaa305b8d5151f2f849930dfdd5db5ba2db7d9dab56b676945db971dcdb175d4683710b54aebfed103996b6b7afdd366d28661fda49c0faca8d66b6c35290411f75254a5dd2d6d5b596b94ebd42942380e72a2b40e1b52e632968b48240420eaa72e332d2a1aaa71a13813ce545f6f75bada5eee6cef5cb04e354622b4f8497597cc6a6d75f15d4dbfbdfdc56851ef26e07ffc5404fda2938dfd5d2bb6bfb9d91b49fb87e585356d76ec79f58feb317f4b5fb749fbfbfd476ec7ba7c85eb60aada4d4382d4fdf3c9b74c8f66bdf6b2b9bfdfee7fdcbac47f6a9d2bf609ceeb23acdad62b64d305f97ac3522d4dbb1cf2e42636d9a9aad1b7a70ca4f66bd57258a692d80382d4e7f28cacd5bfb4d95c256b828cabc7d672bb3a48ebed36f8834271c860309cb6aeb23b1676ea2b5a05f8d29395adb76c5bd40841439756184cda8dfec128b4030c0d4d4ff94c651a7bcb434952d9e74ad0fa09a9478bf71ec758ee819748e59cf6f46ce1ddae5e2b7760da0e5d4141525b2007ce7bf5b9af9fb6b8723f2599d45a0d71abdb2dc2bf761eb3d3af0f16fca2d58b17af2d85ebbecc3e8c81e55e5ccce997391e96d6d375e4ecdbd8dbbad7d8a96dca8c4b2da1ad8934ae95514989796ec91b2bfb7fe537be06efb8ae61b5a29b20f50752428234e3d35a9f49d2472b635f75ed9bbb3f237bc6a793b577742d2b3dcb6fa94294d6eaaf6cf480a32226670b98b3db5ec7f23e57ca2dbd8e8745517b77bb7a9b56508a80f70d46aa63a7eaf49a912d7bff00787b43c2fb2bc7f8ef35e0ec9de6826d793fd40626e23d19772b4c2d5cb6dd2b4cc618cb66226b72ed78afdc3f09b3f602dadc6d9f6f6f689dadbdcba8b751ee5c24db21806557018b50d0e12ebb4c25d6e5e8bc37b8fdad7ededcedaedbbd6ee5ab76f716f70341b6d6c05b4da5c6a6d391e53598975af31ef0b7ed9f31ef2f0adedcdc5bdcfb9d37046eaef8d0056c03f9b7b74c9a146961a559b127092e0e647d3375b54d9325dd573bb78adb26c82bd431a951c1bfbbed9bacabdf78eb5bdd9dd4bb71951815b9561a816c0d7ea24fa114e327947cff00de7e4377e37c4d85deec13c836d6f85f1d7acea0fb936c0d6b7adb6242a53a86131b7874d672e2feddee37163ddfe67776addedb6def84ee6cad594ba2d5db80d51f5500d247d433935f26de1f6bf1bb474b09b8bd75aeef2f229b9749068a3250060171e13a39a5992db3dd15eca2b9bbf0ad14fcd8181b16097a95521587d550056b8d205e82b526988a0a4056a0f2c8d60642bc73e301fce02044040880808081128408a4040404040408904c04b02020202020202020202020202020202020202020202020202020202020202020202020202020202020202020202020202020202020202020202020202020202020202020202020202020202020202020202020202020202020202020202020202020202020202020202020202020202020202020202020202020202020202020202020202020202020202020202020202020202024094202902604c810260204d20204c04098104d31f940c1810c5d79614f481a177728dbbb6e8e2e060d455cf58a0552b9d5a15f3abbfb9deda6bfe5bc659d9dff00d4debcdb4b9656cd6f5dd1541a2d362e5e830382f199bbc6e68afc5fb27db9e43c1eeb77e6fc0dbddf93de33236df6d616caeddac02ab62d3af6c06ccb5caf531af012e384b71787c23dd7e16d78bf37bfb3b5bacbb1b34bde386eb4adfb9699b4853a6aacf6cd757302b393a4bc2adbfb83cadcdabf71aeff00c2eeee25af27b6b6745add8b245cecb3006874af4f19acfda61e83c27983ed76f2fe57c3db53edaf3f7b77e3367b67abdc4e955571514729dda525cb386ae8df7b27cf259bd6ee6eec78cd83dcbdb5074846f2368e946241fc14d440f4c24c1e5e7bc8def117361fafddddfd7f9edf1372f220d3b6b0840ed8b7a72294a1532e7930e778ebebb7adcbd60bab2916c9aa80dccafe2c39c9b616463bed95db613717dc3f7bab5ab06e15d269192eacf6a3f4c2deecd8d3a188eeb6a601ff000d4534835e159acb25eb7b9bdb4bdb854564aeabcc8006a935c07003d2635f2d56be961b65bcefdc5ff6d149c574f35fede5368ecedfcb788b1e2b703f440dfbd6859ab5295a826ea3e61ea00a0e127c8f3f7ae35d034ad08c4f1afafa09a8955b6df709a4b5b6151a861c39cb94c3340d7435db2c0e81522b8fc44192d5f03038eac4d309304a9be882e0a104100b53d73a44556fa01210ea5e0d95654aae92a12a3d2783b82e6dd0710287e227cfee98d9f47a2e63d16d6c540c4003e73c9b57b746fa58031a8a91899ced7791725ba2d00fb273ade198da1735e5196a46cd9d9007e9afa9c7199bb35874f6f608182d4540af19ceb51d2db5a55a39c1b20b80c273b5a6ddab36d5ab80ae20fd5f74c65a6f585762349a9a60df8be7ca67295ba57ea7e0d4142680fad0488a7729a9284fd9fc612c479bf2fb2374124555569a460a3fc677d36e4da65e0bdd3b316f68547d57985501c2a5a830fe73e8746d9af07eccc4795b8d76d5c5b4dd0c2a5ee0a30cf1d33dfaf2f99be670a816b21ef5bad6e2e80dc457ea9abb3323e8dfb63edfbbbfbbbdd9d865d5bdd8b2feb9ea2ddb2e4d68e680295055893fca5d672c6fb37bda9fb8fe4b61b73edaf1169bcabda5b96762976f5bb2964da66a0dbee1a8b72db01f430e74ce7495cf0e75c5f73797f755abde5f6967c6bf960db54fd3ddb7aad28ff71b4ab542015d4febeb147d787b72df8ff1f6f61e3d96eedb621bb02814333a8d7dcb683ab80c65c336e5e77dedfa6dcf8cbde2f71bcbb636c96cdedd5e7052feeaf0526d58ed1345b634d49f498deb7acf979af05fafdf7845f19b5f0779d37c82c5addba01605ddba9ee5c01880cfa1d4339cb3922df2daf697b7b65bfb7b9f17e683ed9f64e16bafea56c0331d66997d42675d73e5d36decf0fa0fedef84da785deeff00c7f894eeec35adeb9bebb6c7791f2ec9ba2bde1c41e1c676d661c36dad7acf73794b9e3fc2eef74aa0dfb4a06d8138771d8226ae43530334cc7c5fcf786eced36fbc7f35be3eecff00d72884037b514d0154d1c0a715c262d6e479f57f7c6ffcededa6e7c8ed93c86c825bdbfea2dbd86ba002435bb66b539d71c73c44c36f69ecb6b1b47dbedb622ef98dd794de8b5e47c9dcfcbdb3dd03530b4075325a515e0309a97966cfb7d8b7776ed9dbb1b63bc704504696353a47df3ab933ec96b2c1ba13469d399341c64172a5b0b6c014005001965940b140a5440822a6bc06639c0ca02063026041811010101281811006044040404048101012c08080808080808080808080808080808080808080808080808080808080808080808080808080808080808080808080808080808080808080808080808080808080808080808080808080808080808080808080808080808080808080808080808080808080808080808080808080808080808080808080808080808080808080808080808080808080808080808080808080808080808130269012008130103280808080ac0118539c0aae0d36c87c5298fa881a9e4b6f78edee3ed342eefb646dddf001829edd5a84800f281f286f07b7d86e3f5bbdd96e363ef0d46f3ef37053b5b82405d09a4ba386c55190d4938e999c3a4b9e1ccf3be68f96dc3d86f3d6bc2f83baa2e6efc85e722fe85fc0d6c333b3a9e940a2b5ad7299f2b38790d86ebd976fddadbc7f157b79eddf0d677255456e6eb73788521f7975ba2de95d57340c105389a4b12d70b69e6f736fdabe70d8db5ab1e1fccee956c5b6a35c2fb72cc0ae5d4ab702b301c2926d7e1756a3ec77567d9d6f73b87b8bb9d9f936dbed76043295baebdc77653f88e90a0015ae721f2dada26dfccfbab79e47f70bcc6efc3ecfc9bd6ef90db593776f7eed90abd82eb55b7dac2b5533a632cf859ef4f0ded5f11e656c7b4f7b6bcb789f25640b17b5f7192e1e960cd4e271139ede5bd798f2f51b50db2f22b712fd8b8179d101a382a7365cc4632b9c70a37562c7ea1d764edbab4849b7745b640c83f1e86c444e0b5636fbcb7fc6378fb6e5f646f2df36402545e0387ca69946dfcbee4ed8ed2eaaf63a8b2aa8473a853ebce9e9184ca7c76c779b8d86e5eddb0f66d944bf748c2d96a953abf0d74c51a4e9719748721545687212ca61bde2b71e3f677addfdff008f7dceca8cba7511570312ad8038f0e52a39e775719f4da06a49a22d49c70a506784982d5f7ff517bca9bde4bfed5ee006fd17b7550a060a39802686beeedd9015acdb64af1639fca252c1763b8ff8d6df861db5ba2ce9fc5a88ad7e02448c748209d207f281432814fbc4a610455a8282b2e530ecfb7de8b7149c4365c7113cbfb1397aff005af0f65b15d48a4ae27f8ca7ceddf4fadd5b7b7522871e2670b5e9d6366dd941963336ba48dab5b666c74e15ce66d6b0deb1b5a54138660712673bb2b6136f86ad3a946152694f499c8becda009156d47d30f80ac9969bd66c934c4a9ccbf127909ceac6eda4216a0508c086c31f5e72255ea0139539d7fa4220a31b67550826a30fc3fe32c4686f36c1d4d698729a9c0f09eecf08d712e3db216fafe65b1c88cd09f5ce7b7f5fb715e6fd8ebcc7cdf7ab7bbe54a3606815f02a49ad0cfaba630f91d99cf2c7533dc65a120600f0e54fba6ab1397a6f6afb83c8f88b1e43c7de47bde33caedae6db716d2950b75480ea0e0196a7fc259be29b75bb177db1e3c78b5bbb5de78bf29b2b405d4b1bed7b6df0341dcb2d76de8040c4a8231191ace9368e58addfdbcfdc4f6df84f39746e7dbbb6b5b7b8a56d790d95b07756a98ada7760a6fe3f8c80dceb352b375afd03e1379e1fca78eb7e47c713fa6bba958d006040a917397ad66e62b9d963c5f98f0767cc79bb1be3e25fc9783b7f91bcdd5a6d5798039f68d35206fab4e7c263699adcbc79727de7bfbe371e35fc4ee9b60be32f359b566ddad6d6ad5e5eddbd7a8756b600529d3ce4dbf8359f6dff0009ed9def80f39b9b5bdbe972ff0090da13ba6661aada2e27b94c0be3431262aedb663e89e0f6e963c76d52c023b76f430ad380343f0ad2748e6a3dd1e29bc9fb6fc96c95bb776f596369b3fcd4eab7f6b281047cdbc2f98f19bdf1fe73cbddbd6f6de51af5bbfb7bbb93a1c5d4546ede3869d6cc08ff0009ce3a5737ddbe63c6f9b6b1bcb9e3b76be5b6c8b6fc5ed176eddcbdb967aea6721b5da527a2b98cf092ed95d661ee7da2779b774dc6ff00c55edbee10369d9a5b544b2d771654ab7512067f2135a4bf2c6ef66a8db8642c34a2f5e7535a5003ea319b61735c42d45a00281bfc2519106aa6a74d70120c81f91e35ca04afd2204e50203020d3840404083940880808080944404052044040404048101284040404040404040404040404040404040404040404040404040404040404040404040404040404040404040404040404040404040404040404040404040404040404040404040404040404040404040404040404040404040404040404040404040404040404040404040404040404040404040404040404040404040404040404040404040404040404040404040404040404040404098132040409813010260202020381fba01802a41ea0702bce071ae279bda2259eda790b40f4beb16ae8b60d1436aaab115a7081e6bf74ac379bf666f3c458dc7fc76fef3da3b75dd25c55b86d3ebd01943005e94d424da6635adc57c9ff006bbd99ec8f31b5f27b5f396370feefda3b5c4da5cbae2db5a4231d0b831ad55aa78899d75986b6b55fee9f9ef0fe4f73b5f6afb77c79d9780f6ca3af96dd6d1550af7748dc5b14d2ada40a1d55d4ff000936abac3da7b9f6bfb83dc3b2f33e6371e3fc1fb57dae6ddaf07e0ae5c5372e0b4dad7bbf89baab76e311d4f80c25973734b3130f2def4f3f6373e60f9bdb5c4b963c9798de792b3b537315b4974221baa314ee105f1f9499245fe1dfc95bf6fdb2f6363bff001bbabad70d96b82e35ab80b2fe75a07ba0eac41a50f199b5a917bfb4bdaf67dbbe43dc3e637c3c4793b0cf6bc7f8ff001e1435cdd8a3269b6d5536f4e6d5a7a8a4b2a579ff0003b63b8f2637de4f7c9b1dd2d81bad9ab5a6be6f3b90aaa2da8663ad6ad96525fe036362eeff00cddef13b44b445db8c76d62f7e4aeb38e94d54d3af30a622e55eebdafee7dbeeee0fd30dbda62545f04768919a8bab54d4388959cb996fc6ee6d5edbdcba45cb5788b8d750d74a6bd259b954f3947a0f7aec7c09f280fb72fda7f10d62d5e640ddbd37287b954cdb118579cd247277fe315fc69dfbefedab0e8b1b108cecdcfa94517ff3491aae5d9b83b572ddcbec96d7f32cdb22a86e7d3d449e91a7f14acb2db17d8f92daef6cb306b6cb752eaa945273aa93f87d6328dff7779ed9f97df2dcb1656dad94081d450312c5d9f4e34a93494733f4972e6d1af9702dafe0c4be391a72816ecd762be2b70979cf7eeb85b4a3256535d67e024f91af7b58404b02397a738834dc8ae031e334958d0d2b49623a5e01bfee9d09fad6a07a89c7bfc65dff005eff00dcf73e309d21736cab3e5f63ebf53d058b44e20570c489e5b5eb91b56ed6389d34e3498b5d246d22914a9f82f09cf2b1bb66d83d478705cfd7199aad9dbb203a684af1e3492ab66da035d428060056b336aaf452711a4f0201ad24ca372d5a66ff006e869f533731ca652b655540a1c0654c5ab2b39646d9a615e66b993fe511145db155074d4a93e99e6c66aab81ee0d893b52428f4cbe66b37a6d8a797cb3c9783ddee77dff6d6deeee09a8502b97afa7acfafd5d998f99ddd5ca96f66f97372daee28af7c6a0ab8f48ccb527a3de3cd7aabbbb4f6a5bda6dc77c90cabaea4f55063ab034c262ef2ba4ebaf35e5d12cee01b178bde61f428201ae38838104cebaf2e1bf0dcda8ba0d6dd815500e387c6949b1f5afda3df78ab83c86c3cc8ab53f55b6dab13db3db43ac85a80d734e40cde95c3b75f97d6537dbc5b76f5f8cbaa81468fd394beaa94aa8d0a51b2e427670517ee6ef7c8f693606ed9dd0d3706e945a0138a907535c03fb6920e6f86f6458d9ef6ddedcdf6de1b1afb4db8ab30a9aad456869c2b5999aafb3d1dadad8db92a001a99893956b8d269951bbdcdb17f6d6954b5fba09dba034d4ca332dc1501a981e73cdfed5f84f2376e6e36b75b65bedc007757b4ebb57a875006d54285d58e9184975cb736c363c0fb5b77b2dda6e3c96e3f55bdb35ec0402ded90534adcb76f3d7a70c4e11aeb84bb67c3d3e914200d4c6831c8d39cacb2165b1ab6271349461d8b809a3020f1232fb2416aa00295a9e7c2065031fa7e1022ba9a83219b7c604e0040981101e902202020200ca22020204404040404810128404040404040404040404040404040404040404040404040404040404040404040404040404040404040404040404040404040404040404040404040404040404040404040404040404040404040404040404040404040404040404040404040404040404040404040404040404040404040404040404040404040404040404040404040404040404040404040404040404040404812840981301209e30102604c04040404091030dc2ab5960c09503510a486c31c2903c7bfbe3c16db762c6fafb78f65c5977bb771628c4e92374355b1a82f49634f842e1da1e4fdbb6197797777b7dbb05ff74dc50596e0c0a693d41865a418e1397e7cfdc7f13e4b75e47c9fb9bc42dfdb9dbefef9da5fb61ecee52d001ee7754114563534603a7e339739768f9f780f25b9fd3dff0019781bbb2f21756eee9552d9dc30c487b576e600d49ad738d963d87b2bf6dfcbfba7c6ee0ecf74bb3f1619ac776fd9b779ee36a3a74285d49a69d6fabe158d754bb61d9f747eccf83f675bd8b6ff00c9bf95f39e5377b5b3e1fc659b4b66cee03de54dd5b7425de9da7a87c02face9eb18f6ae27bcbf6c3dd9ed0dcf97bdb3d92eebdb36ae93b4df5e7b2772a8a0377822307d2bf4d7f17298b1a972f096eebf90dff7b777c5c5b2aaa96eeb04b8c9a86a4b448281f8f56113c2bdfd8b0fedcf70f8ef35b37da78e7dc5a1b9d8b1dc235a6574a358dcb2b33a175a82dcf213138abe63caeff77b53bebdb9b3b355b975ee778ab779016270b240ff00e93f38cb523d8f80f727ba7dc1b2bde22edb67da2b35f4bb736d6ee3ded23abbf70f652aaa172001cce3359cb1662bc4f90f27736bb0dd78bb7b61719868b9beea0e2c86a85d23a053e9ad32894c3defb6bc1f82f23e07c7dbf3deddd1b4b82ced6cf99db5c2efdc71f946e5ba8ed9be052d330d24e01b84eae7e1cff79fed3792f07b87dcf84bcbb8f10f6dae5bb9b8b896dd591951ec54e90f70770748e15e531ebcafbf0f18765e63d9fe6dadf93da22792d99fcbb0e03006b55ba84e0684554e516ac9c31f757bc37fee47b1deb36ed323dc7616974ea7bc6ac4d321c9460380951c450eac5154315c6b9fa18caacdbdc55d6b719ca815544a1afa127840dff3c96aedeb2f6ac2ecc2dab7685946d5aae01d4f51fdd5ac239b736ee2d1617016183a006b195c359135d2b40d5f84aca4da0ad4b87d0906b4f585752cf8adced5b67e4429fd2df3d06bd5c9aa04cefccb1aebb8da57b1f1d414e627caec8fb5d4f41b3be7035a0e23999e5da3d71baaddc15271fb671aeb1b7695463518624ccdad2f52cc40248af15ff0991b29a7f13d3950d6bf18aadbb4e3b602663e9245273a61b76519a982a9a664d2652b736e39518f16ceb095b56dd5410a34b0cea7132b157d9d8eef72e05ab6efcdc03fcf29d74e9db6f11cf6edd759cd756c7b5374e41bce9613f12a9d6c40e04e53dba7fe3b6bff00dae1e3dff7f59e396d8f6df83b643de43b8232373151e81729ecd3f53af4fe5e4dbf6fb36f0e2f9ef27edab082c28b42fead16ecd850cfaa9880898facd6d75f86baf5dbe5e17cb6dfca6eaebdcf1db23b6db8716d9ee0a5c0d9ea6b7fd99e9c6630ed978753e57cd794363c7ab6e36dab42ef2ed556e2a604a0c004a8c0d2ad3a5d711ca6d6d77ad7b33c4ecc3eeaf137b777029672ac4a5d27200f099f6adfa457ff00136855ee2f6cd4e7f4b1069aadf3f84debbb37567676fdabcb72d80d72d90da4822a3856bce6e6dc396da3ee7ed3f24b7fc6d8dbb8adc7b46ed8bc0102eafe35f47b47061ca867ab4f0f06d3975afdd6b576c600b39d2adc40a4d32bd6d10381d58b03eb029645654a0a1071a63f1815da4eeee9afb8042d6d6d6b9aae4e6bfea61f6081b4ce0103ea230c250c6bd6287f09ff003819014a7219482600c08808107ef810052a0d695ad602a2bccc00ca04c08302202020202044a101010220202020202020202020202020202020202020202020202020202020202020202020202020202020202020202020202020202020202020202020202020202020202020202020202020202020202020202020202020202020202020202020202020202020202020202020202020202020202020202020202020202020202020202020202020202020202020202020202020202020202020202020240943081302640812204c00ce04c04040404091e9015a50d723840f3e0aec7dc0368e8adb4df86436d82b2e9725d4107ea1aaa3111957c83dc5fb97b2f6cfbdf73e1bdb1e16decee6d2fdcb176e791d3b7d886603ab6cc15ae59ea3aaaa6879099b70d49968ef7cf781f2d7afa7bb7de56769e3fc85f5bfe4fc1788b57d2ddfbc1022f7b79795755be81a957d622d8e57b7fdafedddd79bf39edcdfee46dad5845dc78af328a2b6909d6a5ed37d565c380d8e18198d67c376e2659edbddbfb83ec3b0de3ef6dfb3e1b7dbaad9f7058b56c97520203b6b97356dd7581a8bb213e935adf866c95e92ff00b47c87b937db5f27e37dbfbd74f1ef73f55e7bfe676f7f7bbdbf81b7dadcb06b6d6ed30ead002838096ccb32e15edbc67ed86db65e4f7be71b777fc978db8e9bed86fcab5cdadd452556d84736aebbea1a0a93eaa267d646a6d5f2ff003f6765b9dd37916d99d85abe0f63648af71d020013533055767fc54f94c36f73e27c67b7765ecbd7e5bc61de79bdcad2c78fdb3167bc0025585ab69a91541c4922b34cf9aedfb2bf6a762decdb9e60df4b9e477843da5db52e5adb301554d58d5bfbbfca5baf09ef8af13e13c059f21e70f8dde6f6f6d3756dd8bb1626dbe956371f2cc8a69c28662375abe33da8bbbf31b5def9adef6bc16f588bdbf70ed6ec05aad91b965c105d55c1b20d83526e4cb176c3deddf65eff0067e4769edbf0fee2daefbdbbe5ca6d4ec85c4bdbddbed1c9bcef69ed135b56993526afa18d44dc8c5afa26f3dbfe2bdcbe1426ff006e9da6676d87ea29792c85adb556a01f52d45c27aea49ae534cbe21efcf0fe47c7edee6c7cf6d8dedb585167c67935617f73b7b61b05dc01476cba6e0a86f9d26366f5795f07ecade792f077f75a4db7a0bb6ae3502ba16645a726665c2bc245cb837bc7790da6ebb37ec3edefdb52ccb7415c06391c7192d58d754dc3dc376d020aff00b854638e62826a256c6e2cb8d9dadc5b0082591cd6a0d6841d3c39492986bf6cd9b61f102e0a8158f2aad6db3d594558634a54fca5ca3a7e1bc58df8bd7b55b4b7b355670c28f735369a015cc573936a48eeddf0ce9b57552d45b87402c186839374e1a88c0d3099cbaebab6b62c0118e7999f3fb272fa5d35dbdb3d1450e3f7cf26cf6eb5ba974ad28694fa8d4673961d72bd77550056844cfaae5b3b7dc8d550749189031acc58d65babbc52695248c8003fa498cae5d2d9f8cf2fb9654b3b5bd709e6842533ccd26a746d7e1cf6efd279af4be3bd99e58a93b86b5b74e0492c69f29df4ff00c7ef7cf0f26fff0090d278e5dddb7b3b636c06bdb9773802b6c0407e1c719e9d3ff1da7cd7977ffc8edf11d05d8fb7fc7ab6b55e81ad9afb06a0518e7ca7a35fd6ead3e1e7dbbfb775173ddfb0b8b6d3c706df3dec2c59b16dba82e78b055a72f49dbf27d39ce9bf2d76de7ba77877636fb3b767b4345b1b972b70b15a861a432943cf9cce76ade3498e595df6d26e6f6def790bedbb089d4a41b4aaedf8f4a1e1f498fc7f693bb1e196dbdb1e1f6765367636ea05a6ee58ba456e020d69ab3e9ae15e135e919fcdb5e55eff00c5d9bc19fb4b709e9bf6ce00a9c0e9a6233a8333b6ad69d96797c86edadf7b1bcd9f0fb9b6db8f6f6eee1bfe2bc82a02d698ad591c6674d05456a050898de7cbb695eb9aeec57647cbdc6b412ddb3706e2a4daba95c486ea15afe1cc4c3a3cbfe837be75ff0050973b1e3f2b5b40b57b258555dd4fe2206a44f99a4b2962ef1d648bb77c76ea971ece936ef32852e1ce9ae1f8ea0884c3da7b3b71d877f09bbbad652f39b9e3b76bf559be30c2bfddc8e794f574eff15e3efebf98f76966f5d7b773768a8d6aa0693556270aaf10298d0cf43c8da0f4a8268063ccc0a1b50ee76fa0115048ae34e1f3ce513b6b4b6ac5b41f52a80dcf0816d09420d3993eb026f0aa8071248c3e720cd8819e1ca0454181101010101f1c6047c202020418110101010102250808081101010101010101010101010101010101010101010101010101010101010101010101010101010101010101010101010101010101010101010101010101010101010101010101010101010101010101010101010101010101010101010101010101010101010101010101010101010101010101010101010101010101010101010101010101010101010101010101010101010101010101010101204a102604c048245204c008130101002020040902b8f1fe5038dee1dabefb6cbfa4651e4b6771771b26c3ebb46ba18f0575aafdf1563c0799b1e77cd790f1dbfdc29d96d7c2dbbb7458de6b5376eb3303d92811d5e9d35fc5c263cb71e47dedeeaf777fc12f8ab776c5db1e5fa6d5bb5655cdcb771a882cd57b871e963c4e46636dbe1b9ac78dda6f7c66c2ced5778cb7fcc6c1aced97666e2b38b16168a8ca9507886ab7fa6925fb6be311ec7dcdee51ef1f6e8f11b6f0b67c3f8c522e799f71ee552c6db6a81a8dda0aba7b841e18933a7b65ceeb87afbdfb8db5ddf886f13ec7bebe33c5f8edb7e9ec7b8778a81996d26944d96d98a6a6723fddb94519d0996ef19f57cdbd97ec6f09e47c8ec2cf98f257d9efddbdb9b66d37fba306177ba6b5766d5aff0012d26662b5cc7d577bfb37ecced9dd6cf637b79beb3f9817777ef6e5aea61aad8d6d4aff0065329bbac67dabd2fb7763e14785dbdff0db6b1b0b1b85172d0b09a09ab60a736c286a09959ad1f29fb77e2378d7efedad0d96ef74daeeb6dd9ed23b2621d910aa872736a6327ae566cf39ee0fdbdf17e5360db956bbb7f28800b4ed6f17451d48fa7ea0d424303c662e8d6bbe1d5f647b0fc97b5bc696d9ddb57ee6eaafb8f1bb82c2d867cf4380c0175a6b560566f5d70cddb2f4de1bdbfb3dade3bb4f0fb2f1374a1b77136896b5b33d2a5ae5a441a453002546e1d95eb6d706daeaa2dc259addc5a80c732847e13fda4423ccdff6df7aeef3fe42eb6f1b7b5b3b5dcb8d5fa65a12b6d14d74a6bc7998c0e67b77dabb8f11ff002a9b34b42dbd1addbbba1ada384d2cc3e3f085b5e67cdfed6f92f740bdbadfefad1bd6ec01b3bd69400581ab315a0628054015ac962cdb0e5afb17c2fb31dee8bcdb9f23bddb3edbf4a2d9b96ae5b64abeead86a9a9fa460341f48c43397cbff00f8af98166eddb9b4ec6c8b7fb975b4a02a352ad45716fc3514266396ed71aedabaf6496b7a2d2312cc05311eb32b1d5f6dddd8ed6eb6ebcaf8e4f23e3ad2a6dfb6cddab96bbb565b9552090c70c66f2cd8dff03e0fc4ee3dd76cb5eb7b6f0966f8efadb6abba938db5ae2c2b87c249cd5bc47d03dc1e12d35ebb7b6bb73b5dadf25b6f6cae9e8fa410391a613976715e8e8ffba3c55cf11e636db8654db3ddb4d8ab2f0af0338f6495e9ebb63a7b3f0fee5be296fc75c1950b517f999e6dbade99d8efecbd89ee3bc756e5ed6dd695ad4bb1a8e00099fc4d7e777361fb6c051b77bd7b8413ac5b0a83d054d66a74c62fec57a3d8fb1fdb160d5ac6b06bfef5c2680d2bc465373ab573dbf637f8762d6ebdafe36d84db9dbda567d16d6ca0b970b1e5a4319d27acf870dbdf6f2dcb3e7aedddd9b3b6daee2f04557d6468535c283569e53737636eb98cda9ee7b9773b666b16ad6daf16c3b8c58ad08ad5140ae1eb1ff758cffd9170f097eedfb2f73c8dd7db852196d016b53b6219b3c384d7e3fba9f978e233da7b63c3d94beb736c375fa862ed737157b9539a6a3901c292ceb919dbbb6aea2222da5b4b45ecd05b03214fa7eec26e4c39db948b972a5c0d20e67d0ff84a8c484d4fab10c694cba8ff008c8ac1ad33276812ac0d50f1a0f5e62304aa5adbd75e0a400ae0e47e3f199b172e5797f07b1f27b1dc6c7736cdcda6ecf594147b771474dcb5c9d73f5f9ccd8e936c3e3d6fc1fbbf6be5f6ded9b9b7bb73c55cdc9bbddb6846def5cb346426e7fedb28d7706674e9333ebf4ed367d1f75e393c76dedb16d2a3523ef580d45ef3006edc618559bfc266eb85d76cb9f6bc421f3f77748086b3634e923a4d5ea19fd4b6523776e1d2dd78c660280ab7e17071d60d70a71e53723966787a8f05e6d378abb5dd009bf45a93f86e81f894706e6b3d7a6f978fb3aeebfd9d46550c4018678618e536e4cdad6b42ad53514c0d206bea3b73f9bcc006bf50fe3840d95c402bd4bc0ff5810c7f31547537d4de9ca04d09fea604802b8650101010101022020204181101010101020ca10101020c040404040404040404040404040404040404040404040404040404040404040404040404040404040404040404040404040404040404040404040404040404040404040404040404040404040404040404040404040404040404040404040404040404040404040404040404040404040404040404040404040404040404040404040404040404040404040404040404040404040404040404048128409812202413c604c0409ac040404040408650c08a679981a7b9eddb565255030aab1e907fb97e3a6a651cddf5bdaeed6acea6ddeb8007770145bb75018b642942057e52558f8dfb57db577dd7baf71799ddde7db6c2d5fdc6cfc65fda063a036a6badb7b6ff00522a9fa3038d44e335cf2edb6f8986d7edfec7da9edbdeb788f31e3b6bbb357b967c925b172ddcb0ea056c9b8359a11a9adb75a634acd4b19b38cc7d9f75e13db5e57c76dad5fd96db7bb0b776dee76c8555ad0bb6fe8b800a0257d47c674c39b76eecb6f72d762e59b2f632edb5b42ba7968234c23e27efcfdb84f13e40ee7c10ed6cbca5c006d2ca93fa67d614de4a1c2d0670428e351919cf6d3e9d66f99caed8fb8bde1e09058f75783b97ec238dbd8f7395bab6d3ab4abee2c27591c82e93f2965a9b49f0fa77b6fc6f8cd86c36c9e3aedbdc78f7b6af62f0c436aa9665af0624f49c54e136c5764a3eb24034a1e924624e15f4843f4c0e055730c3961c840cc5a0181af5660f007e1032ae60f1e5020ad4d4e35cb818183db4a15a0a0e1c3e10397bdf11e2d2f3df7dbeaef102ead09c6940d41ca059b6fd3ddadebaca5d1b153d2c1545002251a5e6bdb9e3bdc4c96f70cd69369f45cb47439d58b21231d040c4719070bc97b0ed5c167b7757f4b66a2dedaf05bb6545069b615812e053e9634857cf3f787da177c67b7f63bf5b5facb7b6245db0b616ddab168306ab1435d25b0c384962caf9079ede7b71eddb7f166fdddd6e6d07f2172f85455dc31d4c2d05afe5f05ae5316372be85fb2d6bc76e2def9ffe31773e4ec85d3ba6354b46e1a0d2287114acd48ced5ef7dc7e44dede59dbb287bfb4b74b88802ea5396a18d18d2b4338f7bd1fad1a7b7de6d91548b2e0d730ba8d4cf2daf6c6cedfcab9bb54dbdd752a5d2aa2da9a660573996b0e8edeff0092bf7b6e2d8b36c5f4a8058b505461c3186785966c6f9b6f6ef6e37c696ae52f25b516ce92482ab99fb6133cb76d783f1cdbb6efdb6b8db9b585cb8cccf86069c3ec9b93966ef5d1f1bb4d95adbb58b76952f6d70d400d43471c06735ac73db6b9feeeb5adc5975b77c546246aa53eae3f233a4ae3656cdb3f9c4b2d03d09438e2a0d7ee9a958be16a8e86b6571c680f238a912c65962d6c0209b80d5bd48e384a653509466fa322e73d27107e0204e20e7407ecd5f13c0c0c4901592e0d42bd0389c6bf6f28198ab834a82310781f5c78c26141a0019a9af881901cfd4434adedaf768a802b0adc153f48e6394ce172c56ddb209d44818aa1c74a8f8460bb56b6e6c5adc5b6b4f6c5cb4e34dc461a9594fc64b165c34b63edfd8ec1ee9b65df7179835cbacda98841d23d02d7298f58e97b2d6d3a967e84d4ef50da0556832ab1e3f0951cedff0088bb708ba8fdbbaa6a18573f4238c62c59b4f0ebf81f38f782ecbc8d137ca296ee9c16f2f0c783f313d1a6f979fb3af1cc774e031c27472617155d7a8020622a3888116ed20034d541e0328108a7135a29c80e43d606429c3e9e50260440401101010220202041811010101010128880808114808080808080808080808080808080808080808080808080808080808080808080808080808080808080808080808080808080808080808080808080808080808080808080808080808080808080808080808080808080808080808080808080808080808080808080808080808080808080808080808080808080808080808080808080808080808080808080808080808080808080808080808081220204c040990204ff00381301010101002869eb8d3d204c0aeed8b576db5bba03db6c0ab0a8e503493c46d2cd16d59b76ad5b0342518ad72c4569840f2163c57b87da9b9dc6d7c16decf92f0db9b8771b6db5fb82cdfdbde7ff0072d2dd7aa329cd35d1b854d267c37995caf7b2af97f0fb8b1e53dbdbe4bd6eb7ed6eb6fb61a2d5e4185deea5d36e8a73d54c24db98bad7a2fdb06f2377dabb5dc6f3a4eed03b2d3114e90e4f37a56b353c31b797a974de28215d1d6986aa835e64ca8d2bd6b62dbab4fbdd04d961792fdc60343e4a30a517fb7842b4fdc9e43c36cf6ce972eadfbd7d0a26dd5f5b1046248a914f8c969231f6578f3b6f076ed25b64b68c1ad17a8d458559bd6a7fc65857a526ab5e3c61191a18189a914afce04804711f6409a7381895ad6bc606050ad6b8f22651a5bcdbeddaf1b8c4238a1372a149d390af1c6419a6e12d91a7f341a02831615e35031f9ca366e28e95a675247ac83ccfee1fb4edfba3da9baf125bb771e9736e49201b898aab531d2dc62ac7c4ee7ecdfb8bc66c3702db9b1685ad37bb8da2c92dfda406d6a72351f64e572e996e7b5fca58f6b6cbc8ec7c5db7b9e4f706d20dd0b81ec8d0082eb403ecf9c7be1b9d76b6fc0ed2edb4bb7f51b972ebf72edc6352cc4e2d5e33cfb6cf4eb30ebdbbc16a8505bb98e38d0d31c8f1c272aef1b6b76d15eed7aacb0b96dc1a745cc0fd8d20dbb56c2a5c5b4cac76cc2f5904ff00e9b0eaa530c8c25ae922ab5fd02ab637880b69a120d34d4675a1c66a31f194a8236888aec2fed1ff00dcceab5d2453d6327cff0015d3b0346ead5e7345bebd54041a8e3378e5cef8c7d3a1b64eab9b7391c701cf1066e472dafcb6548ec02a0965fa89ceb358e18f95a198b2bd7a17a580c07306bf64a8cdba58951830d54a8ad4663ec96a320000730a4120fa1810da2da6861ad5799c87030235f5296420644e66a38c1859ad8ab66299f31eb2a3063425b3a64a3fa7a48ad6b814d097e96c82ff00492c58863657906ceb957e322ab6637352afd38d31fe7fe528c52daafd475af055ca9feaf84cfaae729ee2b501ae780274813460e9651a99548cd57fce132d5dd6c2d5c52281c0ca9811f0326165cb6fc66f1ecdd16378cce5bfdadcb924fa2b72f8ceba6ee5b6bf2ec3fd2471ca74735605d23ace8032418fda60620dd18b0aa70033303353d440c01e128cfe320880a8ad38c0404040408302204c08a408808080808080944404088080808080808080808080808080808080808080808080808080808080808080808080808080808080808080808080808080808080808080808080808080808080808080808080808080808080808080808080808080808080808080808080808080808080808080808080808080808080808080808080808080808080808080808080808080808080808080808080808080808080808080808080102604c81010246502604c08ac098018401c33c204528c0e43f97fd606501028df1b9daa5a157380a9a0c4f3e10398db4f706e0ba83b34dbbe0e6eda77257976eaaa7e24c2b56e7b3f63b9b076fe6b75bbf25b60c186c9eeb26d30a514d8b74d495fc2ec63065e82dda4555b6102aa80aaaa02a800600018612a29f2379edd96168037284a83954713e920e73fb53c56fac01bcb66f1b809beecefa8bd4124692a145465185c9b0f62fb4b61b81b9daf8bb29ba1ff00ae4333fccb1318866bb8142ae19084485c07380201802202bce0432eaf4800b5c89f4198814dfdded2c1a5fbf6d08c68eeaa7ef32d1c7dd7bd3dadb73f99beb24d68aa3a8d47ca66ed1af4bf4e7bfee87b5ad5cd02e5d7d42a6e2a61f0133f9235f8b65577f73fc02a922dde7201206029f1c63f243f1571b77fbb771ad37e93620350e9b975b0a8c885031125ed6a74bc66ff00dc1ee4f74a2b6eb705366e5bb562c836d429c0ebe3434ca636debaeba49e15d9f1b6ed694b2ba96944a602a3324ce36bbcd5dbdaedf4aadbb64a85189c06033f9495a91b2db666b8a5a9af5a635a501a9c79e139de5b85bda02b683d45b64baac461d35e072ce4c72b96e6cb6aa1ad338a07b4c854924695e404b84b5d3da5a2abb600ea1880845286b5aeaf9e52c63675f6db5037375940a91d4326c45713c66f5d7972db6e1bd6ec5b36175824a1d41b8027fe93a472bb72b56d04b897055805cb2351cfec97096b6ad594466a5016fa4e4287d25c30c828167b47014c29e99525904a2d4114ebfaaa2bf3fbe5c09b40fa0653d1e80e59c22742570a134a0278ae5065880daa9400a8e92457e461581ee92575619ea07153fe108ae84060a0b39c4d0e07fc248a86b4fa46aa0c7120660fae59c962e5af79543500a91415e24092ac42ab0030a28e74cb9e128cc59b4df88b018353012b39662c5a3868208e2d0651fa4b5f51c87130658fe951a868686b5a607e5ce4c2e58ddd8dad3a40241cce6291612b636dbab9642dbbbf9a8a28ac3eb03d4719d35dd8db56f0b96ee255181526951f7ce91cd24701031fc60fca519c81c60639b13cb081301010102088080811022020202020200ca22020204404040404040404040404040404040404040404040404040404040404040404040404040404040404040404040404040404040404040404040404040404040404040404040404040404040404040404040404040404040404040404040404040404040404040404040404040404040404040404040404040404040404040404040404040404040404040404040404040404040404040404040409808132040409808194088130100001c200e229000f03f28135a7a9e420438e9a9c68413f080a95c71a7da2061f98d755a94441515cc93c69e90174dc504a0ab509007a0c0e3039d72d9dc59ef04bab7d806650df5618a635196501e37cadb565db5e700b505a76054927f0b0393441d6ab654c44a2695c4c8260202072bdc1ee9f01edfb1ddf2dbb4b0cdfedd81d579ce745418fdb33b6f2796f4ebdb6f11e1fc87ef1bdc66b7e27c785d2030b9b924920d68689829f469c7f3e7c47a6fea7ace6bcaef7dd9ee9dfdc637fc85d50d8b5bb67b683d005a4cdecb567548e65f6dd5e21aebb3313f55c6ab1f8d64f66e68c2d6c0bb54b74f0a635fb64cac8dd5f1c81b1d401152299f2c251b567c754e168545082dcf8433c2eff0086b8cc35620e639c265d1dbf8828bdb44a91893ea632b162f882a416fa48272a0a8ca9498b5d22c6da5ba76c57e007db403faccd8d4acec59bc8cad9b1ad2bc1a94a93c4fc2670d6636acdab202abfd4aba12dd39fd45b84b866e5d0b1b252a3460817b6849c4839b7a4d7ae58bbe1d1b3b11dab4ba033dbc0b9f8e3373572bbba362d2f719b49e64f2272fba6e472dab66d5b343d38034af1c3feb3586728d182f2249a1c30a98c0cb4134e0000de8294328cdc0ab31391d59e7438fdd0896755620e6313c0d323031b8ee98d016ae0bcf98f8f110a6a56b8295041c6bc6a2b51cc4861633e468589c2a397c25460e06900e35c88cbe63840ab55d2428012a71f51e8d255e185c573cc807123392914bb3841a1485afd79fcb9886b864b601605ce7903fc6109958a095a69d2b8d6981a8fe7089095200150056ac787c25c0b4aa9ff00c27f1573ff00084349a55467c298d38d79ca24b1ae596141031214b9ae1f181890c8daad1c4fdff1073965c186563c85967ed5d3dab87000e00fa0acdcd98bab69865e866994c0c4d49a0fb604f0a0808080808081101022020204404040404a220200404088080808080808080808080808080808080808080808080808080808080808080808080808080808080808080808080808080808080808080808080808080808080808080808080808080808080808080808080808080808080808080808080808080808080808080808080808080808080808080808080808080808080808080808080808080808080808080808080808080808080808080813010264080812328138c00801026020202b004643e7024610260469d3f4e5cb97c20625f4ba82a6870078409d38eae2731c3e502ac411a47557239110357c878e7bcad72d5b4b8c410fb7b9f4b8cf3e0791819788fd50da8b7716e28b44a20be43394fc35615ad32af181d180810cc88a5dd82a28ab31c00039c0f97fbeff00737728cde3fc05eec00c56ef90a6268a4d2dd7000d29aa79fb7bb1c47b7f5ff5bdb9d9f34b37af5d0fbddfde776dd2dc1b7bec4bea602ac48ccd58819cf25b97d1d7591bfb4dbdd1b7b65902b945370014a92394deb88e1d972deb7b7a269c8b622b8e134e785a9b34046b6d4e72a44836d36a4ab2a82ba7114c669974f6de38d05d22acd4ce566d746d6c56a15455b127d0d2bc630c3653c6ab0009202fe3caa78c60ce19d9daee15a817f2b2d43fb6b53f68916d85e46eed747e65c61d486ac132a1e424ae918dc7dbf72e0a0d61a96ad9539658f390e572a6d6e5eb68586960355cae22b901e9c21396ced1766433aa280a352a5399a634e72cc33b5b1bf64d904945a962751af50033acdcb1cecadaad95456230352cc0f2ca6b386795c9b9b609eb18753118d35655f94b94f566bbab2baff3500b6407a9ea0cd88af2ad6329eb560bb6b1407530a0c3d4612e44b374d0ab1028ba88a0a5313f0810ecf560a82829a5ab811c786725190d55053ab2d2b871c29c739462d618de2400b56fa86249a73394609590b5415190c2bc41f53c630887765a3aad549d176d8cc1afd40c08172dbdc214f583c8834e15f591417558108050604d3007e1194c2b75c287a9ab821cbff2b45560ee492aa0eaa824e4c3fa192d5c16c13a86ac2b46238d798885a965d1d26871e95e047a7230794aa5c620360c0d70cc52117d2a3552a0f13cfd44d2306734eac0570afd24fa1e1218030ad28493cf33fd0caaceb55fa6ad90c3f9c22b6466a6a035725e5028dc6c92e60d43c8b662415d85dfed5804b9dcb5ff00b4f8fd87313536c2592b786ed7ff00510a1f4c47dd3a7b467d56a5db4e2a8c08e52b2ca02020202020452020202041811010101012888080808110101010101010101010101010101010101010101010101010101010101010101010101010101010101010101010101010101010101010101010101010101010101010101010101010101010101010101010101010101010101010101010101010101010101010101010101010101010101010101010101010101010101010101010101010101010101010101010101010101010101010020204c0409904c0405204c040081301c202a39c063ff581301024404050728114a71a7f2818800b9269872e702cf519c0814239d20650048009240502a49c00038981f35f7a7bb9f7ecdb0d9394d98342c33ba471ff00c33cddbdbf11ebe9e9f97cb778f66f6f2f583b954b880bdb63c194534961f4d6b88e5889e4b6be9692467b3ef2dc1b55db26957d2ef5d5a59541e9523a28b4c48a186adc47a3db596352062705aff29d24796d6c36cb49ad351a54d32f9cda65b3676c86e607e90054e5f6c8cd75367b2a05a0c402419a918b5d2d86d94dbfcdc74e0c7863c04ac5bcb72c90acc86818f1031886cc915daa15696f1a932b2bd5185540fa7166e63940b8db464d4132e3c29f18c26555dd95bbd7c3e20d2871c34c9756a6ea6d78955211598aa9aa075069e9f089ab57b1b2be2edb31e350780c470acbe8cdec5ebe2f42d450ea3aab88c72c3e52fa33f9172ec15505bb8ca6dad505062579e078f11c63d53dfe995af1880b38640da42b740c40c81a9c40e472e12cd0bbae5dbd9502806b03020007e238fc259aa656da5e82ac09e041a91f012c4ab85680014c28165c32a5d0924e241c2839f19954db2c9520508c70e3ca5114b8c00b8287f1d30a531fb655640351c31a32f493c0a9c4361209d631aad5c50dce74cb50841986b5434d4e2ba7fbc731eb0610d6dae7fa78061831a7061c630b2aa2888d9d09c283e9f9f299116d6bc4f2a1fe60c60b51a4d484ea619b1e9229fce5b0628a356aad40189fc35f593e573c2f155388c4e64e5ff94cd2246172952c4e34e201ce41668012829a48353c3e626b0ca96450c106351f431e9a9e4646991257a7334c149a38ff00191116f02598e6684d30ff00cc3facb0a1abb69a6398e7865a4f1f81854259514371a9a8850721a8e4b8f3e5065a7b9f2be1ac1a3ee42b63f486624a825869153a828274e74ca4bb48dceadafc34479ef0cf7c76b7256e33008d4a862d4a50838824800f1380e31af62de8db1974363e6b6fb82c16e25e55342d6d831ad48a15188c8ceb3671dbaac7451d5c06520a9c889b7365204040408ac040880808110060202025119c04040404088080808080808080808080808080808080808080808080808080808080808080808080808080808080808080808080808080808080808080808080808080808080808080808080808080808080808080808080808080808080808080808080808080808080808080808080808080808080808080808080808080808080808080808080808080808080808080808080808080808080808081301026024134808130101026020202b02440409e10102602b014148115e7f6c05318190c6078af7b7b988d7e2b64d5a0a6e9c73fec079739c7b77f88f4f4f5679af9feed0aa5cbc580544271a01f29e4b5eed75e5c6da58db8dda5db1a96dd8601ae5e541712db9a165a1c2af9d698f1a19cadaf561b9e276a2d6ff756ea558d0aae3a58392752b1a121853307e335a39f65e1dcb3669a893c74afc06667579ad6d8dab31c01c4646565b5b3d8bea048254e629c471c65919b5d6daed92abaa9a5463eb351cad74741168285a2938531f9cd2416debaad1428c0d3335ca309598b40748cb2c39c60caeb68029d49aa988f526588cfb5503493a47032d165b034e2c30fb7d22255ba1906a38818884669ae988a16a56832d5c20ab4274d0e2780fe52e11804009a8a85c6871f848ab74d2a465cabc78c610c80399e6600b3ad001404626519b31a10491c0fc7e301a6aa4a9cb0ac193ad731a9bd3d60351a80316c713c692e46059ada2dc06ada8501a63ab31f2e121f2c2f075557b62b76d75003365fc4b16ac8cfb76ae2dbc987fb89fe46306590ee062baaa0e20b72f43cc423160a953aa9feb1c7d1845560a14d0801547e1388f91e1f081915504a81aa998ae23e118050aa000b88c397c9a0ab08a10ccc287e95fc308c15f53962a405e74a81e9e919519cb0054903ff0072987c1842252daa1a00016e07e93e82432c7f2d9b106ab929fac7a88566ce35062d8529a861ff00d5191caf2bee0f1fe2969b875ee5e23b769dbb76ae73d178f406c3891337b2475ebe9bbf3f0f19e5fdd1bbde5e6dbb3dc4bba18ad9d216f691c0d8245bdd5babd355b70dca71db6b6bdbd7d524e1cb7dc87674b680adbfcb6d44de0aa080a8cd7421a0d385bdc2295fc37665d3866b78db6a5c45285c5cd2e749a905c06ffc5850e15e6f3527db167d2dd86fee6c5d6edb665750038d2e1b0451a6e1c09357fa8fc275d76c39edae5eabc7fbaacf756d6ec8b5718902fd8d214b027fdcb64f1a53033b4d9e5dfa7e9ea36fbcb5780a326a6008d2d506a2bf11f033a672f36da58be19202041302204c0880808110101010065110101022020202020202020202020202020202020202020202020202020202020202020202020202020202020202020202020202020202020202020202020202020202020202020202020202020202020202020202020202020202020202020202020202020202020202020202020202020202020202020202020202020202020202020202020202020202020202020202020202020202020202020204c0910120409ac0981102604c04040404091010260204c040404040e07bb3dc3ff1db6fd36dcffdedd152dffb6878ff00e23c273edecf59876e9ebbb5fe1f38b42edcbd719aa4f339127d7d278b36bdf891cbf2ca6e6d9ed6b36efdd62b6101ea729920e5aab9f398aefd7185af0fddb96155ededb70a9b7b60ad4b1009d6869a8ea5a508cc72989e5d72eb787d9a26d8dd1473798b8615345074a835e200e1f64eba479fb767536fb666ab0c81f9d0e3371e7b5d1da582c687e7865f09b918b5d1b7b73a2a3040713c7e137873f66d25a4e914c40345f8ca95776ee0534c6b4e9e1f18c26565bda922a571185384b84ca74e96c405a73e265165ba8652b46a981695aeb0b4a818984649a05350a7022067701a52a6b9e3cb8c82429c4d45330c063fc5251728cf99cbd04a8c5ec824114e726094d54aa95040c7f8f59465a94e04518d2a3e3ca41048190c0e384090c86a08048c3e700ce2b9361c442e18925a856e102b46005454e620092a28284d2b9ff19c22afcf661801415ee37e120d6b4f848bc33b284106b42e59ed5695e64572952b10a96af0b35d36ee75596ad3139a53ef93e5af332b3432b50022db0eaa1c55f98f4846086ddc63a5c103eb2b863cc8882eedae90a060731c0cd230b950301a89cd6b43f112295d2a18fd44d19e9f654488c16dd46ba826b82934527fa42e59021cd33c3e83f529128857504dc2d97e21fd63215761d03486fa54d4a9f51ca02e8b56ad17bac05013d446a34c68b8f51f41166099b711e2fdc1ef6d574ed7c58b8d7edb85b82cba5ade2134535b3b8d29716a6b4538d270db7cf87b3afa31e7cbca5cdfdffd55cb77350bf77528db851b75b883ff007761bcadab9444356b4f538d262bd5228b86e071b56b3556d0edb5b76bb7d6ff0098cc361bb3403515c6cdcff09959f6bf6e8f75adadb24ddb2405d3ddb8ca6d8d3a8db2537d646a6c74b3a8e512a59fd7f5c3d06c3d93e66f165bd76ded135304627bcc6aa05484edab06e63b6dceb3aebadcb86ffb1ac8ed6dfd89e22c061b8bb78f709c15b4a82d4ca82a1b0f4f5066e68e1b7ec5be23ab67c1f8cb6a05adb5ba1e9a9153eb5afce6a6b872bdbb56c26d46d17fed80b21beb000d0c3fd426e70cddadf2b2d6f193a6f7d2300f9fdb372b95d5b6195802a6a0e444d3298081060202020440880808080809440808081101010101010101010101010101010101010101010101010101010101010101010101010101010101010101010101010101010101010101010101010101010101010101010101010101010101010101010101010101010101010101010101010101010101010101010101010101010101010101010101010101010101010101010101010101010101010101010101010101010101010100204c099025090204c09ac0405204c040404091010102604c0404040a77bbbb7b3da5cdcdcfa6d8ad399e03e662dc4caeb3370f99ef8dcdddfbdb9dc1d771db5313954e427cfdb6f6afa5a4c4c252c92ba1706d3d4dc31f84985ae1798b0c9bfda25bb7a12e30b6bb9d434eb26ac8c1811967819cb77abafc368ecee5cbe2ddd7ee7751acaf6af5102ae3838c981a8071d230a44fe56d766c6d55500524a001535e74038d38f39df58f1efb66b736bb6552c5b21885e7ea66a472b5d0b7668303d26989c31f49b8e76b6ada6a14d24a7afa4d48cd6d25bd34216804d619cac25d8e00fc46102515ea4eaa73a9ac0b56d51703a8f11c4ca8ced5902aca092787081668aa9c31f4e349442edf5104f4e9c70fbab21967d27a7ef30034b1075547023d3fce4c0c88a5751a7a7197031d5401141a9c2b5e3f1819571c8d063f0e03ed815e01b4e2d5ccff003905bad08078d701ebe92d1814b9aaa294e35120052559ae0af0a7ac0c45a5a556ba48a618e04e3f6c2e535622857a871e5c84a88ed9d14249ae153eb998564a19cfd238d0938eaa614e5840c1d05e3a4a95634656fed718ff0049825c2db3785e5d6a749ad0d3257198335e5303040752d171153c54f23e9026aca2a40d47352703f081831ea02b522b85711f090604851cd94e2c3307d44b559d0b60c6951f41fa4c231b8554568491c3f101e90462a2a5ae39a7220530f5122d69796f37b1f11b66bfb8b8b64d28a58376b3a0d6ca0e892ed874ebeabb3e7be6fdc5e4bcb5937997ff00d563f31688bbfda5ca8ad2ddedbb77ad0d281b515fb670b6de5edd349af8ff00a39150db636d6e1dd6d6c80b6882be4f6a87951b4eed29709ae3869c666de1d64e7c7feca36a96af5bfd2ed985cda5028b566e7ebad2875a237e977205d5a28a80bfdc65c97f9febfcc7aff0deccbd7e8fbcfcab1742b5fdbd0dd5735d447e9f71abb4b4a7d27e12cd72e1d9df278f2f61b2f0fb4d95ab7676b6c0d028ba897622a4e0ef5619f033b4d30f2eddb76f35d14501431c18e0471a81c669c58b501651f550035c453d65c82bd702335cc6581c8c2a2e64029c7971ff00ac5491436b240214e153c28617025e6b2755beab5f8adf2f559b9b316376ddc4b881d0d41ca6d867010229026063010220202020200ca2202020440404040404040404040404040404040404040404040404040404040404040404040404040404040404040404040404040404040404040404040404040404040404040404040404040404040404040404040404040404040404040404040404040404040404040404040404040404040404040404040404040404040404040404040404040404040404040404040404040404040404040910102440481027d20204c040081301010102440409101010260204fc20791f74f94fd46e536768fe4d93a9c8fc4ffe53cdddbfc3d5d1a7cbcfdc547a5bccb634c4620cf3bd51623101949c4d6a40c6833f8cbf059cb877f69b1dd791171768bdbba1b5e8d6c7b84694048e9c48a91f6e13879af5eb711d2f05b2ba9b65402c15b008b8a9d419b5694baa40195283ee9bd79ae7d9b491d9b5648d2c570a914e44739e88f15ade5dbd5753615c42f0c26bd5cf2d94ea514a1a7d206335195e8095155a37acdc66d6ca1ad390388f5951990cc34e51460bb63a8e796132b95aa86a4963865ccca2c50c6801a8ff004fac20a68389c7339e3025ab9024731031ed28e2c71e279ff490c8a841c000c4e3435c7e3f08162b9a62bf3e72835391d5fceb140dc6c00c3e396120867d230e381e52817ad294f434fe3381212f1383f570e5e987212518335c53402a01a56bce0e198bada68c00618e18549c29061913d14af51afc6bc654626e0524953c2a33f848b84171aca1c0b60587115c4881150ac2b450546b24e21abd26b030bcc2d966b78adc2137006618e018495673e50d6ae7745e0743d345c39871c2bf096c32b2db3502b015c852b40470c6496959950a4822a41c53f10af11e92e110aa35554807fbb97c63021b0015480cd50791af1102b16c9cf1d3f84e60c981e73cefbd36db14b83666e6eaf280cd7768a9b86b7a6a486b20eaf9fd939ddfe23d3d7d1f3b3c06e37fb8dfef2feeed6e8dcbe8e697bc55e6b3790545b6ef6c7718301719cfc170acce1ea915d90f777773b76d5afa00ec2d57c5f902828dab4545bb9d2a88571273c01a4c796e713fab176cfc76e3c83dada76bf57b92086fd421d9ef06925435bdcd9e860751fabe42319e0bb639cffd1f42f13ed7f1fb12aec8dbddc29282e6e029bb6d1b1a23002bf1cfd6759d7878b7eeb7c71ffbbba08aad18b547e5dd201ccfd27f8fbe7479c5249218d282ae1470e040f5a40b56e2d313a853eae6252a0142a547d5f84e78572888c5d2d942b72bf15f5f863eb06598b4830039549c4e1eb180bba09a54315c7d3e128d5bbda2e58615a0247f8482ab37bf4d74b1c6db91a88cbd089b970963a6acaca194d41c8cdb9a604409810604406302204c0880808118ca10102202020202020202020202020202020202020202020202020202020202020202020202020202020202020202020202020202020202020202020202020202020202020202020202020202020202020202020202020202020202020202020202020202020202020202020202020202020202020202020202020202020202020202020202020202020202020202020202020202020202020204d20204c04810102604c0409808080101024404091026020202068f99df1da6c8e8ff007ae74a7a733f299dae235a4cd78870cd5b8710492799a4f1ede5efd6622b7b6c4ab31a5380e03e53386f26fed0fd2e8b2426e6e8d3613125d8e014119572af09366babce5c31b4045bbf6b72c590aa231a94dc5e04a14d228ad99c46aaa8a1ce73fecf4dbf6edf80fd76ef6fdcdc80d7ac3b584641a6d844a7d030cc9c8e594df5caf3f7d91e8f6db75b69a9f3ce8729e891e2daafd22e62e40b6780135865288a8c0a0015b2a672c4b57add40fa59801cb8e12e61eb59b6f36e94ee3045a855a950493f392ef17f1d603c96d48d4976b68624823014d5538e02838c9ef17f16cb977b60b690d46c00ae589000c39932fb44bd7b2c4dc6dee29fcd435c73a606bcfe12e59f4b1680b81d3a8d30a7ae594a855056846ae3e958121d4015fabd7130322e49230a9cb08c8623ea1c301940c750a615af2818d1c3d2a751c6b97c4ff4120cd59ea352d7fa1fed8821eda9a1f4a02303ce5055adc0faba457952bfe52194bd50e1c387f49445b259755082d9e1c467f646056c8ddc0e1e808c30ff001e264b156a8a1eac5a94a8cbe11111d15d401e21686506d2ac40072c69cb94835f70882db2e925dc696a1a0009ab357d24ad4ab91c35a36aefe13dbb9a73e6adf650ca8c6c6e032b33ad1909b7705797d2c3e3129632ef354a3000d3a864194e463296245411405ae11d2c73a7a738540be710a6bcee0cb9757ce326181215598e2aa0b328ce9893a7ec85932f0de7fded73706ef8bf1a45dba8c12f22de1b5dddb395545ce97a127e9e5ce71bb5b1ebd3a66bcbc86e7736ef5e45dcb5abfe575315b1b9b6de3b7fa0117081b951dbba574db055be71f0eb3ff44ee1ff00517459de9ee6e9140b2be58a8bf4af6c0b3bbb58dcaf5942d8fc262b727f51d5f13edcdef94b9636ba1976b6bb772ed9f2082e022bad859dca62d4a2f4fdb1e78676de6b33fedff47d0fc4f85d9f8cda1daed95cdb38de1718dc7d55ab1d66ad99afa709db5d70f0efd976b9ae81a2955d458915b774d08c781a73fbf86334e681731d4ab524d1edf3d58d47afff00bdf1932615b1666401a85286db0c464703956a3f8acaab6a02eb2484534b9cc1e75f9c6118872e4aa5350c0915c8e447a61195b17742d198d4b7d47fad25650199f10287f170c7d0e500ca812a713c7fc7940a2fa2528485538e5430297b4455571ad08f81819ec7706dbf61c8d24f412723ca74d6b3b47426982020418110101022020250302202020440404040404040404040404040404040404040404040404040404040404040404040404040404040404040404040404040404040404040404040404040404040404040404040404040404040404040404040404040404040404040404040404040404040404040404040404040404040404040404040404040404040404040404040404040404040404040404040404040404040404040981301204a120409102602004098080808138c04091026020384082400493403127940f27e5374779bd6704945e9b69c8739c3b367a3ae61cd6b7880060b90e33cf87aa32b569ee9a1502a6ac471225912d717dd7740b976ddf1797636eda774d9628e5b06fcb2a55abd407f6f313cfdbcecf67ebc9ebfcd65b3bd72c6e6ced6e259d1d8176c58d1da2e88a5b4693a98d574e96aea07e91a659c70966798ea784f2772fa15b96f7058dc635dc0d2943d544cd81a6056e751ceb37a7672e7dbd3fcbacfe41fb47f275da04d4a3ab12169a881c695aff9ceb7b1e6fc3cf9596b767f446faad00c417a94d238965c32ea2330339a9bf097a7feec2bb9b877b9a35fe6690fd941a982bd74960a49c74e0c30a497659d7246b26f8f712d687b4a1cd95dc9d284b00715cc73c6bf64cfb73c3735e18deb8370b504b778e95370ebd2cc75035ead35fc2333c692f1571840bfb4a52db0297aa16e10594354070ab81ae9723eac7ec975c16569debaec972e6d9d1774f4b611828b6d75d410c810e0559d7027fa45b3e164fbf09efdd0d4dbb5b65d2da6aa50202c6cd5b2d416da37c4e78653d97d52db8deda636d6e5cfcce955b7a5968dab7371adb5569a2d22a7f3e41e138febfd13b6f717944fccbacc96f4ab5ebcca4b7e67e6bdced8ff00dab600614c09fb67b5f395bd5adf875365eeabb72cb5cbd6ecdbb882dbdd0eca8145e62cbcb05b0bac9acd4ecc4e5c76e899e19daf78ecdeddbb8d6ae5a17511d490429eeb95b60606a5946bfe91f94bfadfcb72cfb97c75eb4ac97482eda55580d4c4bf6c2d2b993373b2562febd95be9bed9b02cb750d2a59ab40003a49a9f5c26a6d2b95ebda7c2e06e3b929a4ad3206b9614c254c612aba6808a1a7db2a048242d7a471f510462e1954e904e340bfc849481374d17238e34c8c60cb154bdcf0a0a1a5301e9eb02c6bcc2808071c091c4ff0084180713a81a7e2e18667fc2066190820d280e207dc3e32c3949407107126b53ce54cab552af522a83a454663e3eb32a7e58bd53f55ca876cab4c1683ee11f230703bf6ee30e9706ddca0e23e9854df1dc50ba5570d2188c88f8c54955a22a205c42034d753d2c4ff28fe1546f37f636b69aedeb8898b2a076082f3015d2a4e15394cdb86f5d6daf9dfb97dd57775b95da285b2a2e315f1fbe2fb7661a49fc8dc26906a172ae79d272ce7cbd9aebeb3879d676dcba78edd5d565016ddbd9f9bb96d5d48254fe9b76accc4e2e56bc8afacb7f959f7193dc368dbdb3a1daedef352d78ff002abdd47a825576db9415a695514ae5eb336e5a91ea3db9ed3dcde00ee7bd63c70055bc66ec8bc97548d2cd65cd5915989c7966a338d7473ecedc7f77b8db6cf6bb7d92ed76f6c5adaa7d36d7a45b0b4c17953eef84eb26261e4db6b6e6f96da9b970007a5968030c35531c69fc0f84d31c20b2ae34ad451ed9142a73270fbe9f1125556495e92c2a0555ce033a9069f7d3e3105a54228a8e87347e146270c7863861c65461728d74926a5451f0a0a53ecc042b24b4a96804a81c94e75c33fbab112d5b4540589ad38d72e32a31fd45a6aba92699018fa67195c2b0ea5588cdb1c69971cf87a40843a8115e951831a9f89c6053756e0607e8e381ce878c8450f6d10eb5624d6a3d6b9cb074761bafd4d80ff894957f889d65cb96d30d995081102200c07c60440404a060440404040880808080808080808080808080808080808080808080808080808080808080808080808080808080808080808080808080808080808080808080808080808080808080808080808080808080808080808080808080808080808080808080808080808080808080808080808080808080808080808080808080808080808080808080808080808080808080808080808080808080808081302602408081220204c06102602020204c04091026020040f19fba7efad9fb47c2edaf5e5376f6feff0066d6dd0d1ca28d571c7a28a49b3a7569ed5abe37729beda6d77969192ddfb6b7155c5182b8a8acf3ecef237d6c5b76388a0e2661acd656768cb76e5e43d2d9331f4f58c2ddbe1e6fccee2c35e66b56f5dcb6faf737bb772f35b446556d36fe9d47a47532903819e6db6e5eeebd38f29f17b7f1fbabd7ae35cbc5f7b7199d0b776d2b280aa2e060189e7ac6a1a74d6675d72bbdbac91d0da58bcb6dfb0d781b95ef5c248b7748ad1d815271634a01889d2471db69f2bd3c76e8da0a95b8f5d2cc0a844d3d455508d3ad7214c293535a97b27cb2ddaded55b77d1d9d58ddda54f7188341a2d838615279cb6566588b9ad2ed2d3dc47ee5196ce4cec2838369d34ae549bb849cab6bad66e27e585bd70b1bac0ad1c5028508191aa695ab29f8709995ac65aafb4dc9bcdb765296592ac758714075574e26830ca9258d4b3ca773b8dd5d02d25966b8c80b2864b6131d21baf429017018cbec4d54adeba74b82d7183f792d85344019036571c93a78fdf8f52ec9856de4156c3f74867a0b217ad5869b4c5a9dc5714ea26a4d4571ad6865da65a9a302db6706c587464be1d9d92e7d2cc6d0d783860ab6a9c30e246065938c44fe6a1dcde6277171ac5cbad77bb6c293a1efde16f5ead20d0a2d33a11e95d333fce17c7c32a7ea6cde7745b6acd7752290da6eee2ef6f8070105bb67e1f6d6fc1e2f09b6f7db1b41acdc7b8d72d9049647b94db5afee3d56c6ac0619723162627f5feb552a825d52b612e30b9b62f4200422cededb06d2ba41ab8c71af26c3388d737faff5676fc810a1b6c46ab4ef741a302e9b61a15e842d355fc581353caa0d759fafeb09ebf7fd67ff0085fb7dff00931b564b3b92c76f4b77ee1506b402fee597303472d5ebf49c2f319c6bfd7fa2edafb93dc64ab0b96eeb1b46ee8ea52d7374df90ba46aa330520619e0456954db64dbab4faf9ff006f2e959f78b956bf7f6c46d035c26f2b2329b76edd430a1525750faa9963965af7ae5f8237d3ddde1b4da17ee0db5fbbdb096ee551835d193070b4cb8cd4ece18ff8f73c3a5b7f29b2ba83f381001fab01456d2df619a9bc73dbaac6e2dcb641a3a935230607102bfca6e58e775a828d4a135a8ffae50300b4a9d41f1ae93cb80904d0935a50fe2f9e24c2b25e45be438ca996445461893cce1f1930358d41666203b9d209ce95e9cb808c2b3baab776e541203e2a46146535ce2f292f28b2ff00aa4570195aea9e822a415c2272d598ae3f9df72ec7c5da46b80de774a83629734a83a7b8501ea0a702063396fd98e1dbaba2edcf87cf3cbfba379e55c0eedb3b5dc01fa6bda56ff8fdcea52da2deafccdbdd1a541e55c2b31e6bd3249313ff0097253676d0ff00c7ee4fe92edb3dabfe23c85b2d61956b4fd35ea37d62d3d13126a0d274c7099be57dd402d59f137836d3a85b1e2bc92b5edbb1702a6dee70a6b6727139621709ced8d4fbff0067b0f69fb354d917f7b62e59d9dd5fff00e7f75a6e847d5f52b12e5568a005cbed975d2ff8fa73edee93c79fb7ba4dadb16e8052d0c1147e0e187f1e93b61e2bb5ce592d90b891a282800c980cabebcbec32e0ca2eeb5000005ac89c883fd31fb3e12522b6aad5837e6d07d5855472e58fd87d245cacb76d0a8a82a0fd22801561e9fd3e22545775ee962157a69a6ea70a655afce94f5f4859e185a5dd1605ea154e190a81c480303fe1eb2170b8814a8c07d5a47e2e14a56546096087374d72c07d43e38ff14a460cf000546aa6906a68065cea71c606448074a2f3ea3963f7ca8ad8ad351af2a711cfeace1559614014124e24e628386124a29dc356d29a15c7063988b56455b2dd1b5bba11a55cd185419ad6b3b6aedfaceae461010220204404040404a2200fac0408808080808080808080808080808080808080808080808080808080808080808080808080808080808080808080808080808080808080808080808080808080808080808080808080808080808080808080808080808080808080808080808080808080808080808080808080808080808080808080808080808080808080808080808080808080808080808080808080808080808080813010264080808130260200409808080813010244098080aa80599822282ccec6814015249e4040fcbdef4f3b73f733f72ecedb63f99e1f6ce367b01522b655ab7af61917c5be149cf6af77569ebae6bee7b5d9a5ab496930b768044a9c42200170f809c6b0bd2caeaee000b6609c4d0729955c1158157a3034d6bf115a525c228dcf89dbdfb776db0655dd2aaee029c1954ea0ac0e0d97199fc71d35efb1ae7c5b3dc2eecacbab55141b60100d0d14d3335ca67f1b7ff217d9daee5b51b8cacf852e2920a8a826955a751faa6a6958bdbaad1e3dedd2e775c36a620a90306352bf452987d935af5e12f74bf0becec903b5d64b61d863a10034f5aea9a9a73973bdb71858bb4b35af6751fc45d8b53d3a891c66bd633ef7ed704b56cea44557141d2a01a0e647dd2e225b7ed65bbe0e55d00e23d7210985842b541249e23139c6133583dab2cc3580cdc5594114cc70f48c45f6ad6bde1bc55db6eadb2b42d90ba805d3508085a814cb5198ba4bf0debddb4b995a973db5e1dd4f6abb727002d9180000140c1a95cfd4e27199bd51b9dfb7cb9dbbf699bef70dadd9557724d415157b9a88a2118d07c49c6bce7e3bf6ebff002263c34f71ed3f2a3797370896b71df07b8469faf59656504554a802b4c31e91500ccfa58dfe6d2cc357f41e4ed5cb366fd86b6bd01ada2b752755306d6baeb9d2951c570a4e7e6379d6ce2b42cdc28d62eab3f6688b7b7040573db467b7734a9180c7a8afda35497cb5f6cadf6d015ee152896880f41703b3f51d5f96f4771418d72a062149652c57faa2e6d8bc8c6f2db297d9a96ca9dc3f70e2da57ea2a0f50ff00e96c267388d7ae33595d71acee280d82c59c90ee025a011568431a2b29a71c3fbd45759e5992e30ada841b411ae0729b3bcc2b805fce700fe60ad496fa74f1186a033b70d6bffcb17bfb9b851d974bd6fdeba00aa35e6fc9442b53c0e9000cfa5b02a666ac927fb27f4eab72cdab8816f3dd5db360cda6d85adc2154da27592aafaa87ff0032e367f30bfc7f76f7eafcb6d2d5f7db6eee6b6a5cb5dd65b895dc5555b553fdbb68097a1ab60c31066e5c31b6b2ff005f427b93ce5a06e26e11adda5045cb80d5936a9adaedc16f000d6840cf06caa226ccdeb93e3faadb4f78f9ab56ae9b8477ad5b0583d2aa6e9d481ea00e85c1a9960d8a997dab37a75fae1bd67df978771af6dd8dad6e6db685ff006ad0d372ba4d7a1f3603118a8226e6f5cefebce30d9b3efeda5c1f9b61adba955b96d814656ffd45fed052a2a380c72c65fcb59bfad8f15b1ffcd7c32a86762b6fa7a8903167d0050e5a491ab913f39a9d8cdfd7addb5e6fc4ddb802ddea62428619b07ede927fb8b70ce4f78cfe1ae6f91f7af89d96b45ba97370c9deb24628cddcedbaff007503749a0cf092f663c37afebdbe5c3f21ee9dd793b446c1858b259777b5bb5d3d00758e05e9d55c7d319c6f665e9d3a, NULL);

-- --------------------------------------------------------

--
-- Struttura della tabella `Images_Windows`
--

DROP TABLE IF EXISTS `Images_Windows`;
CREATE TABLE `Images_Windows` (
  `id_Images` int(11) NOT NULL,
  `id_Windows` int(11) NOT NULL,
  `Name` varchar(45) NOT NULL
) ENGINE=InnoDB DEFAULT CHARSET=latin1;

-- --------------------------------------------------------

--
-- Struttura della tabella `Orders`
--

DROP TABLE IF EXISTS `Orders`;
CREATE TABLE `Orders` (
  `id` int(11) NOT NULL,
  `CreationDate` datetime NOT NULL,
  `Username_Users` varchar(45) NOT NULL,
  `id_Status` int(11) NOT NULL,
  `id_Payment` int(11) NOT NULL
) ENGINE=InnoDB DEFAULT CHARSET=utf8;

-- --------------------------------------------------------

--
-- Struttura della tabella `Orders_Product`
--

DROP TABLE IF EXISTS `Orders_Product`;
CREATE TABLE `Orders_Product` (
  `Order_id` int(11) NOT NULL,
  `Product_id` int(11) NOT NULL,
  `Amount` int(2) NOT NULL
) ENGINE=InnoDB DEFAULT CHARSET=utf8;

-- --------------------------------------------------------

--
-- Struttura della tabella `Payment`
--

DROP TABLE IF EXISTS `Payment`;
CREATE TABLE `Payment` (
  `id` int(11) NOT NULL,
  `Amount` int(11) DEFAULT NULL,
  `Method` varchar(45) DEFAULT NULL,
  `Date` datetime DEFAULT NULL
) ENGINE=InnoDB DEFAULT CHARSET=utf8;

-- --------------------------------------------------------

--
-- Struttura della tabella `Products`
--

DROP TABLE IF EXISTS `Products`;
CREATE TABLE `Products` (
  `id` int(11) NOT NULL,
  `Name` varchar(45) NOT NULL,
  `Price` varchar(45) NOT NULL,
  `Description` text,
  `Brand` varchar(45) DEFAULT NULL,
  `id_Category` int(11) NOT NULL,
  `id_Catalogs` int(11) NOT NULL
) ENGINE=InnoDB DEFAULT CHARSET=utf8;

-- --------------------------------------------------------

--
-- Struttura della tabella `Products_Warehouse`
--

DROP TABLE IF EXISTS `Products_Warehouse`;
CREATE TABLE `Products_Warehouse` (
  `id_Products` int(11) NOT NULL,
  `id_Warehouse` int(11) NOT NULL,
  `Amount` int(11) NOT NULL
) ENGINE=InnoDB DEFAULT CHARSET=utf8;

-- --------------------------------------------------------

--
-- Struttura della tabella `Services`
--

DROP TABLE IF EXISTS `Services`;
CREATE TABLE `Services` (
  `id` int(11) NOT NULL,
  `Name` varchar(45) DEFAULT NULL,
  `Description` text,
  `Avaible` varchar(45) DEFAULT NULL
) ENGINE=InnoDB DEFAULT CHARSET=utf8;

--
-- Dump dei dati per la tabella `Services`
--

INSERT INTO `Services` (`id`, `Name`, `Description`, `Avaible`) VALUES
(1, 'logout.php', 'Exit', 'Yes'),
(2, 'products.php', 'Products managements', 'Yes'),
(3, 'users.php', 'Users managements', 'Yes'),
(4, 'groups.php', 'Groups managements', 'Yes'),
(5, 'catalog.php', 'Catalog managements', 'Yes'),
(6, 'category.php', 'Category managements', 'Yes'),
(7, 'dashboard.php', 'Dashboard managements', 'Yes'),
(8, 'services.php', 'Services managements', 'Yes'),
(9, 'warehouse.php', 'Warehouse managements', 'Yes'),
(10, 'windows.php', 'Windows managements', 'Yes'),
(11, 'status.php', 'Status managements', 'Yes');

-- --------------------------------------------------------

--
-- Struttura della tabella `Services_Groups`
--

DROP TABLE IF EXISTS `Services_Groups`;
CREATE TABLE `Services_Groups` (
  `id_Service` int(11) NOT NULL,
  `Name_Groups` varchar(45) NOT NULL,
  `Actived` varchar(45) DEFAULT NULL
) ENGINE=InnoDB DEFAULT CHARSET=utf8;

--
-- Dump dei dati per la tabella `Services_Groups`
--

INSERT INTO `Services_Groups` (`id_Service`, `Name_Groups`, `Actived`) VALUES
(1, 'Administrator', 'Yes'),
(1, 'Digital Retail Specialist', 'Yes'),
(1, 'Project Managers', 'Yes'),
(1, 'Web Content Editor', 'Yes'),
(2, 'Administrator', 'Yes'),
(2, 'Web Content Editor', 'Yes'),
(3, 'Administrator', 'Yes'),
(4, 'Administrator', 'Yes'),
(4, 'Project Managers', 'Yes'),
(5, 'Administrator', 'Yes'),
(5, 'Web Content Editor', 'Yes'),
(6, 'Administrator', 'Yes'),
(6, 'Web Content Editor', 'Yes'),
(7, 'Administrator', 'Yes'),
(7, 'Digital Retail Specialist', 'Yes'),
(7, 'Project Managers', 'Yes'),
(7, 'Web Content Editor', 'Yes'),
(8, 'Administrator', 'Yes'),
(8, 'Project Managers', 'Yes'),
(9, 'Administrator', 'Yes'),
(9, 'Digital Retail Specialist', 'Yes'),
(10, 'Administrator', 'Yes'),
(11, 'Administrator', 'Yes');

-- --------------------------------------------------------

--
-- Struttura della tabella `Status`
--

DROP TABLE IF EXISTS `Status`;
CREATE TABLE `Status` (
  `id` int(11) NOT NULL,
  `Description` varchar(45) DEFAULT NULL,
  `Name` varchar(45) NOT NULL
) ENGINE=InnoDB DEFAULT CHARSET=utf8;

--
-- Dump dei dati per la tabella `Status`
--

INSERT INTO `Status` (`id`, `Description`, `Name`) VALUES
(2, 'Products into bag', 'Pending'),
(3, 'Products buy', 'Confirmed'),
(4, 'Products shipped', 'Shipped'),
(5, 'Order processing', 'Processing');

-- --------------------------------------------------------

--
-- Struttura della tabella `Users`
--

DROP TABLE IF EXISTS `Users`;
CREATE TABLE `Users` (
  `Username` varchar(45) NOT NULL,
  `Email` varchar(45) NOT NULL,
  `Password` varchar(45) NOT NULL,
  `id_CustumerList` int(11) DEFAULT NULL
) ENGINE=InnoDB DEFAULT CHARSET=utf8;

--
-- Dump dei dati per la tabella `Users`
--

INSERT INTO `Users` (`Username`, `Email`, `Password`, `id_CustumerList`) VALUES
('andcant', 'cantagallo@univaq.it', '1234', 2),
('loreand', 'andreoli@univaq.it', '1234', 1),
('rossi', 'rossi@univaq.it', '1234', 15);

--
-- Trigger `Users`
--
DROP TRIGGER IF EXISTS `Users_AFTER_DELETE`;
DELIMITER $$
CREATE TRIGGER `Users_AFTER_DELETE` AFTER DELETE ON `Users` FOR EACH ROW BEGIN
DELETE FROM CustumerList WHERE id = OLD.id_CustumerList;
END
$$
DELIMITER ;

-- --------------------------------------------------------

--
-- Struttura della tabella `Users_Groups`
--

DROP TABLE IF EXISTS `Users_Groups`;
CREATE TABLE `Users_Groups` (
  `Username_Users` varchar(45) NOT NULL,
  `Name_Groups` varchar(45) NOT NULL
) ENGINE=InnoDB DEFAULT CHARSET=utf8;

--
-- Dump dei dati per la tabella `Users_Groups`
--

INSERT INTO `Users_Groups` (`Username_Users`, `Name_Groups`) VALUES
('loreand', 'Administrator'),
('andcant', 'Project Managers'),
('rossi', 'User');

-- --------------------------------------------------------

--
-- Struttura della tabella `Warehouse`
--

DROP TABLE IF EXISTS `Warehouse`;
CREATE TABLE `Warehouse` (
  `id` int(11) NOT NULL,
  `Area` varchar(11) DEFAULT NULL,
  `Sector` varchar(11) DEFAULT NULL,
  `Description` text
) ENGINE=InnoDB DEFAULT CHARSET=utf8;

--
-- Dump dei dati per la tabella `Warehouse`
--

INSERT INTO `Warehouse` (`id`, `Area`, `Sector`, `Description`) VALUES
(1, '1', 'a', 'Lorem Ipsum');

-- --------------------------------------------------------

--
-- Struttura della tabella `Windows`
--

DROP TABLE IF EXISTS `Windows`;
CREATE TABLE `Windows` (
  `id` int(11) NOT NULL,
  `Name` varchar(45) DEFAULT NULL,
  `Description` text
) ENGINE=InnoDB DEFAULT CHARSET=utf8;

--
-- Dump dei dati per la tabella `Windows`
--

INSERT INTO `Windows` (`id`, `Name`, `Description`) VALUES
(2, NULL, 'Home Page Sale'),
(3, NULL, 'Shoes Sale'),
(4, NULL, 'Short sale');

--
-- Indici per le tabelle scaricate
--

--
-- Indici per le tabelle `Catalogs`
--
ALTER TABLE `Catalogs`
  ADD PRIMARY KEY (`id`);

--
-- Indici per le tabelle `Category`
--
ALTER TABLE `Category`
  ADD PRIMARY KEY (`id`),
  ADD UNIQUE KEY `Name_UNIQUE` (`Name`);

--
-- Indici per le tabelle `CustumerList`
--
ALTER TABLE `CustumerList`
  ADD PRIMARY KEY (`id`);

--
-- Indici per le tabelle `Groups`
--
ALTER TABLE `Groups`
  ADD PRIMARY KEY (`Name`);

--
-- Indici per le tabelle `Images`
--
ALTER TABLE `Images`
  ADD PRIMARY KEY (`id`),
  ADD KEY `fk_Image_Product1_idx` (`Product_idProduct`);

--
-- Indici per le tabelle `Images_Windows`
--
ALTER TABLE `Images_Windows`
  ADD PRIMARY KEY (`id_Images`,`id_Windows`),
  ADD KEY `fk_Images_has_Windows_Windows1_idx` (`id_Windows`),
  ADD KEY `fk_Images_has_Windows_Images1_idx` (`id_Images`);

--
-- Indici per le tabelle `Orders`
--
ALTER TABLE `Orders`
  ADD PRIMARY KEY (`id`),
  ADD KEY `fk_Orders_Users1_idx` (`Username_Users`),
  ADD KEY `fk_Orders_Status1_idx` (`id_Status`),
  ADD KEY `fk_Orders_Payment1_idx` (`id_Payment`);

--
-- Indici per le tabelle `Orders_Product`
--
ALTER TABLE `Orders_Product`
  ADD PRIMARY KEY (`Order_id`,`Product_id`),
  ADD KEY `fk_Order_has_Product_Product1_idx` (`Product_id`),
  ADD KEY `fk_Order_has_Product_Order1_idx` (`Order_id`);

--
-- Indici per le tabelle `Payment`
--
ALTER TABLE `Payment`
  ADD PRIMARY KEY (`id`);

--
-- Indici per le tabelle `Products`
--
ALTER TABLE `Products`
  ADD PRIMARY KEY (`id`),
  ADD UNIQUE KEY `Name_UNIQUE` (`Name`),
  ADD KEY `fk_Product_Category1_idx` (`id_Category`),
  ADD KEY `fk_Products_Catalogs1_idx` (`id_Catalogs`);

--
-- Indici per le tabelle `Products_Warehouse`
--
ALTER TABLE `Products_Warehouse`
  ADD PRIMARY KEY (`id_Products`,`id_Warehouse`),
  ADD KEY `fk_Products_has_Warehouse_Warehouse1_idx` (`id_Warehouse`),
  ADD KEY `fk_Products_has_Warehouse_Products1_idx` (`id_Products`);

--
-- Indici per le tabelle `Services`
--
ALTER TABLE `Services`
  ADD PRIMARY KEY (`id`);

--
-- Indici per le tabelle `Services_Groups`
--
ALTER TABLE `Services_Groups`
  ADD PRIMARY KEY (`id_Service`,`Name_Groups`),
  ADD KEY `fk_ser_has_groupss2_groupss21_idx` (`Name_Groups`);

--
-- Indici per le tabelle `Status`
--
ALTER TABLE `Status`
  ADD PRIMARY KEY (`id`);

--
-- Indici per le tabelle `Users`
--
ALTER TABLE `Users`
  ADD PRIMARY KEY (`Username`),
  ADD UNIQUE KEY `Email_UNIQUE` (`Email`),
  ADD KEY `fk_Users_CustumerList1_idx` (`id_CustumerList`);

--
-- Indici per le tabelle `Users_Groups`
--
ALTER TABLE `Users_Groups`
  ADD PRIMARY KEY (`Username_Users`,`Name_Groups`),
  ADD KEY `fk_Users_has_groupss2_groupss21_idx` (`Name_Groups`),
  ADD KEY `fk_Users_has_groupss2_Users1_idx` (`Username_Users`);

--
-- Indici per le tabelle `Warehouse`
--
ALTER TABLE `Warehouse`
  ADD PRIMARY KEY (`id`);

--
-- Indici per le tabelle `Windows`
--
ALTER TABLE `Windows`
  ADD PRIMARY KEY (`id`);

--
-- AUTO_INCREMENT per le tabelle scaricate
--

--
-- AUTO_INCREMENT per la tabella `Catalogs`
--
ALTER TABLE `Catalogs`
  MODIFY `id` int(11) NOT NULL AUTO_INCREMENT, AUTO_INCREMENT=3;
--
-- AUTO_INCREMENT per la tabella `Category`
--
ALTER TABLE `Category`
  MODIFY `id` int(11) NOT NULL AUTO_INCREMENT, AUTO_INCREMENT=4;
--
-- AUTO_INCREMENT per la tabella `CustumerList`
--
ALTER TABLE `CustumerList`
  MODIFY `id` int(11) NOT NULL AUTO_INCREMENT, AUTO_INCREMENT=21;
--
-- AUTO_INCREMENT per la tabella `Orders`
--
ALTER TABLE `Orders`
  MODIFY `id` int(11) NOT NULL AUTO_INCREMENT;
--
-- AUTO_INCREMENT per la tabella `Products`
--
ALTER TABLE `Products`
  MODIFY `id` int(11) NOT NULL AUTO_INCREMENT, AUTO_INCREMENT=2;
--
-- AUTO_INCREMENT per la tabella `Services`
--
ALTER TABLE `Services`
  MODIFY `id` int(11) NOT NULL AUTO_INCREMENT, AUTO_INCREMENT=12;
--
-- AUTO_INCREMENT per la tabella `Status`
--
ALTER TABLE `Status`
  MODIFY `id` int(11) NOT NULL AUTO_INCREMENT, AUTO_INCREMENT=6;
--
-- AUTO_INCREMENT per la tabella `Warehouse`
--
ALTER TABLE `Warehouse`
  MODIFY `id` int(11) NOT NULL AUTO_INCREMENT, AUTO_INCREMENT=2;
--
-- AUTO_INCREMENT per la tabella `Windows`
--
ALTER TABLE `Windows`
  MODIFY `id` int(11) NOT NULL AUTO_INCREMENT, AUTO_INCREMENT=5;
--
-- Limiti per le tabelle scaricate
--

--
-- Limiti per la tabella `Images`
--
ALTER TABLE `Images`
  ADD CONSTRAINT `fk_Image_Product1` FOREIGN KEY (`Product_idProduct`) REFERENCES `Products` (`id`) ON DELETE CASCADE ON UPDATE CASCADE;

--
-- Limiti per la tabella `Images_Windows`
--
ALTER TABLE `Images_Windows`
  ADD CONSTRAINT `fk_Images_has_Windows_Images1` FOREIGN KEY (`id_Images`) REFERENCES `Images` (`id`) ON DELETE CASCADE ON UPDATE CASCADE,
  ADD CONSTRAINT `fk_Images_has_Windows_Windows1` FOREIGN KEY (`id_Windows`) REFERENCES `Windows` (`id`) ON DELETE CASCADE ON UPDATE CASCADE;

--
-- Limiti per la tabella `Orders`
--
ALTER TABLE `Orders`
  ADD CONSTRAINT `fk_Orders_Payment1` FOREIGN KEY (`id_Payment`) REFERENCES `Payment` (`id`) ON DELETE CASCADE ON UPDATE CASCADE,
  ADD CONSTRAINT `fk_Orders_Status1` FOREIGN KEY (`id_Status`) REFERENCES `Status` (`id`) ON DELETE CASCADE ON UPDATE CASCADE,
  ADD CONSTRAINT `fk_Orders_Users1` FOREIGN KEY (`Username_Users`) REFERENCES `Users` (`Username`) ON DELETE CASCADE ON UPDATE CASCADE;

--
-- Limiti per la tabella `Orders_Product`
--
ALTER TABLE `Orders_Product`
  ADD CONSTRAINT `fk_Order_has_Product_Order1` FOREIGN KEY (`Order_id`) REFERENCES `Orders` (`id`) ON DELETE CASCADE ON UPDATE CASCADE,
  ADD CONSTRAINT `fk_Order_has_Product_Product1` FOREIGN KEY (`Product_id`) REFERENCES `Products` (`id`) ON DELETE CASCADE ON UPDATE CASCADE;

--
-- Limiti per la tabella `Products`
--
ALTER TABLE `Products`
  ADD CONSTRAINT `fk_Product_Category1` FOREIGN KEY (`id_Category`) REFERENCES `Category` (`id`) ON DELETE CASCADE ON UPDATE CASCADE,
  ADD CONSTRAINT `fk_Products_Catalogs1` FOREIGN KEY (`id_Catalogs`) REFERENCES `Catalogs` (`id`) ON DELETE CASCADE ON UPDATE CASCADE;

--
-- Limiti per la tabella `Products_Warehouse`
--
ALTER TABLE `Products_Warehouse`
  ADD CONSTRAINT `fk_Products_has_Warehouse_Products1` FOREIGN KEY (`id_Products`) REFERENCES `Products` (`id`) ON DELETE NO ACTION ON UPDATE NO ACTION,
  ADD CONSTRAINT `fk_Products_has_Warehouse_Warehouse1` FOREIGN KEY (`id_Warehouse`) REFERENCES `Warehouse` (`id`) ON DELETE NO ACTION ON UPDATE NO ACTION;

--
-- Limiti per la tabella `Services_Groups`
--
ALTER TABLE `Services_Groups`
  ADD CONSTRAINT `fk_ser_has_groupss2_groupss21` FOREIGN KEY (`Name_Groups`) REFERENCES `Groups` (`Name`) ON DELETE CASCADE ON UPDATE CASCADE,
  ADD CONSTRAINT `fk_ser_has_groupss2_ser1` FOREIGN KEY (`id_Service`) REFERENCES `Services` (`id`) ON DELETE CASCADE ON UPDATE CASCADE;

--
-- Limiti per la tabella `Users`
--
ALTER TABLE `Users`
  ADD CONSTRAINT `fk_Users_CustumerList1` FOREIGN KEY (`id_CustumerList`) REFERENCES `CustumerList` (`id`) ON DELETE CASCADE ON UPDATE CASCADE;

--
-- Limiti per la tabella `Users_Groups`
--
ALTER TABLE `Users_Groups`
  ADD CONSTRAINT `fk_Users_has_groupss2_Users1` FOREIGN KEY (`Username_Users`) REFERENCES `Users` (`Username`) ON DELETE CASCADE ON UPDATE CASCADE,
  ADD CONSTRAINT `fk_Users_has_groupss2_groupss21` FOREIGN KEY (`Name_Groups`) REFERENCES `Groups` (`Name`) ON DELETE CASCADE ON UPDATE CASCADE;

/*!40101 SET CHARACTER_SET_CLIENT=@OLD_CHARACTER_SET_CLIENT */;
/*!40101 SET CHARACTER_SET_RESULTS=@OLD_CHARACTER_SET_RESULTS */;
/*!40101 SET COLLATION_CONNECTION=@OLD_COLLATION_CONNECTION */;
